date,open,high,low,close,volume,Name
2013-07-26,38.456,38.5541,37.9835,38.4114,327490,AWK
2013-07-29,38.4471,38.563,38.3134,38.3847,466094,AWK
2013-07-30,38.4739,38.5541,38.0013,38.0459,748740,AWK
2013-07-31,38.1172,38.3125,37.93,38.0548,610265,AWK
2013-08-01,38.349,38.7324,38.3312,38.5987,661991,AWK
2013-08-02,38.67,38.7681,38.0905,38.456,546195,AWK
2013-08-05,38.4739,38.4739,38.0637,38.1083,742808,AWK
2013-08-06,38.0637,38.2331,37.7338,37.7784,791886,AWK
2013-08-07,37.716,38.037,37.6803,37.8765,953080,AWK
2013-08-08,37.8854,38.1975,37.5466,37.9121,847943,AWK
2013-08-09,37.9567,38.5318,37.9567,38.4917,871500,AWK
2013-08-12,38.4649,38.5452,38.0637,38.135,862536,AWK
2013-08-13,38.2064,38.3847,38.0013,38.0013,900529,AWK
2013-08-14,38.0548,38.135,37.4574,37.4931,1011526,AWK
2013-08-15,37.4751,37.529,36.8648,36.9366,700512,AWK
2013-08-16,36.8109,36.9096,36.6224,36.8378,545253,AWK
2013-08-19,36.8378,36.9096,36.5237,36.5416,727495,AWK
2013-08-20,36.5237,36.985,36.407,36.5955,558286,AWK
2013-08-21,36.5865,36.757,36.1197,36.5865,610406,AWK
2013-08-22,36.8199,37.5523,36.6403,37.3674,673549,AWK
2013-08-23,37.3674,37.6627,37.1699,37.5918,440348,AWK
2013-08-26,37.5649,37.5658,37.2417,37.2687,407948,AWK
2013-08-27,36.9814,37.4392,36.9007,37.3315,541660,AWK
2013-08-28,37.2507,37.6726,37.1431,37.4033,590194,AWK
2013-08-29,37.2687,37.3674,36.6673,36.7301,694955,AWK
2013-08-30,36.8468,36.9994,36.3172,36.5685,687397,AWK
2013-09-03,36.6134,36.8917,36.1467,36.1646,523691,AWK
2013-09-04,36.1646,36.2095,35.1683,35.6889,2183312,AWK
2013-09-05,35.6261,35.7786,35.258,35.3029,944215,AWK
2013-09-06,35.3433,35.4555,35.2491,35.258,1527979,AWK
2013-09-09,35.3388,35.4555,35.1413,35.3927,714252,AWK
2013-09-10,35.4824,35.8594,35.4376,35.8594,836657,AWK
2013-09-11,35.7697,35.8415,35.4376,35.4914,632470,AWK
2013-09-12,35.8325,35.8415,35.0516,35.2311,1277849,AWK
2013-09-13,35.276,35.3657,35.1413,35.267,901477,AWK
2013-09-16,35.276,35.5453,35.0516,35.1234,2511491,AWK
2013-09-17,35.1772,35.5004,35.0574,35.4376,980578,AWK
2013-09-18,35.4465,36.7122,35.3119,36.6403,1240298,AWK
2013-09-19,36.6763,36.9725,36.4339,36.4519,741736,AWK
2013-09-20,36.407,36.7391,35.7697,35.7966,2046637,AWK
2013-09-23,35.6171,36.3082,35.5902,36.2544,1429152,AWK
2013-09-24,36.2993,36.7032,36.2544,36.6134,688767,AWK
2013-09-25,36.5955,36.7391,36.3352,36.5685,691664,AWK
2013-09-26,36.6942,37.0622,36.6448,36.9096,643562,AWK
2013-09-27,36.757,36.8993,36.5694,36.6942,481451,AWK
2013-09-30,36.3621,37.0712,36.3621,37.0532,925441,AWK
2013-10-01,36.775,37.3943,36.775,37.1879,1341446,AWK
2013-10-02,37.0263,37.2866,36.8019,37.2777,663768,AWK
2013-10-03,37.0532,37.1699,36.5326,36.5775,796248,AWK
2013-10-04,36.6224,36.6942,36.3621,36.4249,476850,AWK
2013-10-07,36.2634,36.4608,36.0659,36.0659,385431,AWK
2013-10-08,36.2454,36.5057,35.9851,35.9851,741221,AWK
2013-10-09,35.9671,36.6044,35.9492,36.3621,784566,AWK
2013-10-10,36.4429,37.1699,36.3621,37.0532,762431,AWK
2013-10-11,37.0443,37.1879,36.8648,37.152,472953,AWK
2013-10-14,37.0712,37.1519,36.3262,36.8109,381482,AWK
2013-10-15,36.7929,36.8019,36.3082,36.3262,692226,AWK
2013-10-16,36.4608,36.8199,36.3531,36.6673,869139,AWK
2013-10-17,36.6224,37.511,36.4249,37.511,826468,AWK
2013-10-18,37.6546,37.6995,37.3764,37.4572,679418,AWK
2013-10-21,37.5021,37.7893,37.4303,37.7624,570234,AWK
2013-10-22,38.0047,38.4804,37.7085,37.9778,1020220,AWK
2013-10-23,37.8072,38.2381,37.7624,38.0586,595947,AWK
2013-10-24,38.0765,38.2291,37.6636,37.7175,598225,AWK
2013-10-25,37.8162,38.2381,37.6008,38.2022,561724,AWK
2013-10-28,38.2022,38.3458,37.906,38.1663,470717,AWK
2013-10-29,38.2112,38.4266,38.1214,38.3638,402300,AWK
2013-10-30,38.4176,38.651,38.2113,38.4356,539991,AWK
2013-10-31,38.3727,38.5523,38.0047,38.4804,830202,AWK
2013-11-01,38.5971,38.7318,38.2022,38.3817,432862,AWK
2013-11-04,38.3727,38.6869,38.2471,38.6061,369564,AWK
2013-11-05,38.5433,40.4731,38.5343,38.8305,752064,AWK
2013-11-06,38.9921,39.0818,38.7497,39.037,708482,AWK
2013-11-07,39.1088,39.9346,38.6779,38.9023,729179,AWK
2013-11-08,38.7767,38.7767,37.8521,38.3727,597635,AWK
2013-11-11,38.3727,38.8664,38.1483,38.642,405142,AWK
2013-11-12,38.4984,38.4984,38.0765,38.3009,752628,AWK
2013-11-13,38.1383,38.4364,38.0028,38.319,676789,AWK
2013-11-14,38.4365,38.7527,38.4365,38.7346,558574,AWK
2013-11-15,38.6894,39.1412,38.6894,39.0147,579731,AWK
2013-11-18,39.1593,39.1774,38.7798,38.9424,418336,AWK
2013-11-19,38.8521,39.0147,38.3551,38.4816,498804,AWK
2013-11-20,38.4907,38.7617,37.9937,38.0028,448196,AWK
2013-11-21,38.1202,38.319,37.8582,37.9395,816351,AWK
2013-11-22,38.057,38.2648,37.6956,38.1383,804794,AWK
2013-11-25,38.1925,38.3597,38.0344,38.1293,500924,AWK
2013-11-26,38.1744,38.1744,37.7407,37.9305,661951,AWK
2013-11-27,38.0479,38.3009,37.7949,38.1744,554486,AWK
2013-11-29,38.1564,38.6262,38.1564,38.2648,309145,AWK
2013-12-02,38.3009,38.4726,37.8763,37.9124,492029,AWK
2013-12-03,37.7769,38.0389,37.3793,37.6504,904339,AWK
2013-12-04,37.551,37.6865,37.1805,37.6052,940993,AWK
2013-12-05,37.542,37.6233,37.0712,37.0902,1240280,AWK
2013-12-06,37.4787,37.7407,37.1715,37.2799,1393697,AWK
2013-12-09,37.2619,37.4064,36.9095,37.1354,956777,AWK
2013-12-10,37.1534,37.2076,36.8372,36.9818,1308801,AWK
2013-12-11,37.0992,37.1715,36.4577,36.4667,950815,AWK
2013-12-12,36.4848,36.9004,36.4848,36.8191,747644,AWK
2013-12-13,36.9908,36.9908,36.5481,36.8643,895691,AWK
2013-12-16,37.1173,37.2799,36.9637,37.0089,729589,AWK
2013-12-17,36.9727,37.6684,36.886,37.4516,1121456,AWK
2013-12-18,37.56,38.319,37.3793,37.9847,1349421,AWK
2013-12-19,37.8492,38.1835,37.5239,37.804,685828,AWK
2013-12-20,37.9666,38.1835,37.5871,37.7678,1473267,AWK
2013-12-23,37.9485,38.1021,37.6865,37.7317,609165,AWK
2013-12-24,37.8672,38.2738,37.8582,37.9847,291764,AWK
2013-12-26,38.1202,38.1654,37.8763,37.9576,378269,AWK
2013-12-27,38.0118,38.2829,37.8853,37.9847,467710,AWK
2013-12-30,38.0479,38.3325,38.0028,38.1383,459788,AWK
2013-12-31,38.1925,38.2196,37.9937,38.1835,497109,AWK
2014-01-02,37.9576,38.0298,37.4968,37.5691,788839,AWK
2014-01-03,37.5329,37.6233,37.1851,37.4606,819620,AWK
2014-01-06,37.4787,37.5998,37.2619,37.3161,670421,AWK
2014-01-07,37.3884,37.7227,37.3793,37.6865,769919,AWK
2014-01-08,37.6775,37.8175,37.4516,37.6775,726941,AWK
2014-01-09,37.7678,37.7949,37.4697,37.5871,698170,AWK
2014-01-10,37.6594,38.319,37.6052,37.9395,941397,AWK
2014-01-13,37.8943,38.0118,37.5239,37.5781,530669,AWK
2014-01-14,37.6323,37.8672,37.3522,37.5058,450089,AWK
2014-01-15,37.5871,37.5871,37.2076,37.298,633395,AWK
2014-01-16,37.2799,37.5326,37.2257,37.5058,777175,AWK
2014-01-17,37.6594,37.6594,37.2528,37.5239,931950,AWK
2014-01-21,37.1444,37.8853,37.1444,37.822,710177,AWK
2014-01-22,37.7859,38.1202,37.7859,38.0479,519845,AWK
2014-01-23,37.9124,38.1003,37.7859,38.0931,622173,AWK
2014-01-24,37.9485,38.0841,37.7136,37.7949,717211,AWK
2014-01-27,37.804,37.9937,37.6323,37.6323,646720,AWK
2014-01-28,37.6413,37.9666,37.6413,37.7588,730132,AWK
2014-01-29,37.6504,37.9576,37.6413,37.9124,841274,AWK
2014-01-30,38.2035,38.7129,37.9761,38.6583,942654,AWK
2014-01-31,38.4127,38.818,38.2671,38.7219,1076437,AWK
2014-02-03,38.6583,39.0858,38.1853,38.4855,1134714,AWK
2014-02-04,38.6492,38.6492,37.8487,37.9852,1303311,AWK
2014-02-05,37.9033,37.9761,37.4394,37.4394,976865,AWK
2014-02-06,37.4667,38.0216,37.353,37.9306,591497,AWK
2014-02-07,38.0761,38.4855,37.9943,38.4582,636779,AWK
2014-02-10,38.5218,38.6128,38.1216,38.5127,557621,AWK
2014-02-11,38.4491,38.8857,38.3854,38.8493,1009673,AWK
2014-02-12,38.8857,39.1859,38.7038,39.0221,576432,AWK
2014-02-13,38.8584,39.6316,38.7401,39.6316,695173,AWK
2014-02-14,39.6588,39.7422,39.4133,39.6588,504530,AWK
2014-02-18,39.768,39.9135,39.4951,39.7225,558790,AWK
2014-02-19,39.5861,40.0136,39.536,39.6861,607801,AWK
2014-02-20,39.6497,40.0864,39.486,40.0773,504006,AWK
2014-02-21,40.05,40.432,39.9135,40.2683,650001,AWK
2014-02-24,40.3501,40.4775,39.8862,39.9044,593690,AWK
2014-02-25,39.7771,40.4774,39.7589,39.9772,785947,AWK
2014-02-26,40.1409,40.2674,39.8499,39.9044,491279,AWK
2014-02-27,39.7953,40.2865,39.4496,40.0409,538849,AWK
2014-02-28,40.2046,41.0687,40.0773,40.7868,957906,AWK
2014-03-03,40.623,40.6503,40.0955,40.1591,977953,AWK
2014-03-04,40.4775,40.6834,40.3028,40.4502,717127,AWK
2014-03-05,40.4047,40.523,40.0591,40.341,822882,AWK
2014-03-06,40.4775,40.6139,40.2592,40.3501,784839,AWK
2014-03-07,40.3956,40.4775,40.0682,40.341,722565,AWK
2014-03-10,40.341,40.5321,40.15,40.4138,840337,AWK
2014-03-11,40.2592,40.3229,39.6861,39.8862,884395,AWK
2014-03-12,39.7862,40.2774,39.7407,40.2683,584776,AWK
2014-03-13,40.4229,40.9778,40.2592,40.9232,878787,AWK
2014-03-14,40.9687,41.7146,40.9268,41.4417,1101914,AWK
2014-03-17,41.5053,41.5053,40.9187,41.0505,645418,AWK
2014-03-18,41.1506,41.5872,41.0687,41.378,788088,AWK
2014-03-19,41.4235,41.6236,40.7686,40.8504,525498,AWK
2014-03-20,40.714,40.8777,40.523,40.623,733371,AWK
2014-03-21,40.8686,41.4144,40.6685,40.9869,1120604,AWK
2014-03-24,41.1688,41.3689,40.8959,41.0869,567168,AWK
2014-03-25,41.2689,41.2689,40.8777,40.9778,454756,AWK
2014-03-26,40.9778,41.1106,40.4047,40.4229,668487,AWK
2014-03-27,40.5321,40.9141,40.2592,40.8959,573441,AWK
2014-03-28,40.9414,41.1961,40.9096,41.0505,640072,AWK
2014-03-31,41.187,41.6054,40.905,41.2961,1052590,AWK
2014-04-01,41.2779,41.3325,40.805,41.0778,887924,AWK
2014-04-02,41.0687,41.5144,40.8331,41.4053,588973,AWK
2014-04-03,41.4326,41.6873,41.3234,41.4144,618196,AWK
2014-04-04,41.5508,42.0511,41.3871,41.6509,786400,AWK
2014-04-07,41.6054,41.8601,41.3325,41.3598,664715,AWK
2014-04-08,41.3143,41.4417,40.8959,41.3689,1072722,AWK
2014-04-09,41.4781,41.569,41.0233,41.5417,690765,AWK
2014-04-10,41.4872,41.8783,41.2416,41.4144,956184,AWK
2014-04-11,41.4053,41.5963,41.2689,41.3871,876823,AWK
2014-04-14,41.6327,41.8257,41.2961,41.6145,801219,AWK
2014-04-15,41.4417,41.6691,41.0324,41.5326,859842,AWK
2014-04-16,41.6327,41.8146,41.3143,41.8146,900848,AWK
2014-04-17,41.8328,42.0329,41.4417,41.5417,577970,AWK
2014-04-21,41.7509,41.9602,41.4508,41.6509,515779,AWK
2014-04-22,41.7328,41.9874,41.5053,41.851,614548,AWK
2014-04-23,41.942,42.0966,41.6509,41.7146,783635,AWK
2014-04-24,41.7328,42.0329,41.4799,41.8419,602303,AWK
2014-04-25,41.8055,41.9602,41.6145,41.9511,662872,AWK
2014-04-28,42.0329,42.3695,41.7873,42.2512,1104981,AWK
2014-04-29,42.2967,42.415,41.7055,41.7418,691730,AWK
2014-04-30,41.8146,41.9783,41.378,41.4144,758065,AWK
2014-05-01,41.5326,42.042,41.3234,42.042,671145,AWK
2014-05-02,41.9965,42.4331,41.6782,41.9965,812947,AWK
2014-05-05,42.0056,42.3604,41.8055,42.3513,586602,AWK
2014-05-06,42.1876,42.4331,41.8601,42.0056,561563,AWK
2014-05-07,42.1057,42.6969,42.092,42.6787,1073800,AWK
2014-05-08,42.871,43.5944,42.5872,42.7886,715290,AWK
2014-05-09,42.871,43.034,42.2209,42.3583,903511,AWK
2014-05-12,42.5872,42.6787,42.2209,42.404,1229422,AWK
2014-05-13,42.5963,43.1091,42.4407,43.0908,1142847,AWK
2014-05-14,43.1091,43.631,42.8619,43.0908,965007,AWK
2014-05-15,43.0358,43.4113,43.0358,43.3838,1404897,AWK
2014-05-16,43.3289,43.3654,42.8436,43.2739,1303584,AWK
2014-05-19,43.2373,43.306,42.7978,42.8985,710028,AWK
2014-05-20,42.8985,43.3563,42.6238,42.871,771533,AWK
2014-05-21,42.9351,43.0908,42.7337,42.871,529411,AWK
2014-05-22,42.871,43.4113,42.871,43.3014,443148,AWK
2014-05-23,43.3472,43.6676,43.2007,43.5944,579858,AWK
2014-05-27,43.7409,44.1255,43.3289,43.4204,1297212,AWK
2014-05-28,43.6036,43.6768,43.3289,43.5852,911922,AWK
2014-05-29,43.6951,43.6951,43.3655,43.6219,461002,AWK
2014-05-30,43.7684,44.5375,43.6768,44.5101,1641469,AWK
2014-06-02,44.7023,44.7023,44.0614,44.1529,709262,AWK
2014-06-03,44.1529,44.1896,43.8508,43.9973,702401,AWK
2014-06-04,43.8599,44.0339,43.457,43.8966,748528,AWK
2014-06-05,44.0522,44.1346,43.6402,44.0614,605981,AWK
2014-06-06,44.1346,44.2903,43.8416,43.9057,586070,AWK
2014-06-09,43.9057,44.1804,43.805,44.0522,610476,AWK
2014-06-10,44.1072,44.1072,43.6585,43.7867,532212,AWK
2014-06-11,43.7684,43.7867,43.4662,43.6493,376137,AWK
2014-06-12,43.6951,43.9286,43.2419,43.8142,629585,AWK
2014-06-13,43.8233,43.979,43.5944,43.8966,400376,AWK
2014-06-16,43.8691,44.3635,43.7592,44.0431,705515,AWK
2014-06-17,44.0431,44.3727,43.9973,44.1621,509500,AWK
2014-06-18,44.1804,44.5558,43.9973,44.5375,505742,AWK
2014-06-19,44.5284,44.7573,44.3361,44.3544,614381,AWK
2014-06-20,44.3819,44.5925,44.0705,44.098,689045,AWK
2014-06-23,44.1804,44.4643,43.9698,44.3544,621485,AWK
2014-06-24,44.3819,44.739,44.3178,44.4093,485866,AWK
2014-06-25,44.3544,44.6566,44.2354,44.6291,372407,AWK
2014-06-26,44.5742,44.7664,44.4276,44.6749,461805,AWK
2014-06-27,44.7115,45.0961,44.565,44.8946,797229,AWK
2014-06-30,45.0045,45.325,44.6474,45.2792,725622,AWK
2014-07-01,45.1876,45.3689,44.9587,45.0228,734544,AWK
2014-07-02,44.9404,45.0503,44.3544,44.4093,816321,AWK
2014-07-03,44.3544,44.391,43.9423,44.0064,523118,AWK
2014-07-07,43.7684,44.2216,43.6585,44.0431,739945,AWK
2014-07-08,43.9057,44.7161,43.8599,44.5101,796760,AWK
2014-07-09,44.5925,44.6932,44.2161,44.3819,421187,AWK
2014-07-10,44.3178,44.6474,44.1987,44.5009,437053,AWK
2014-07-11,44.4734,44.4917,44.0522,44.3544,534440,AWK
2014-07-14,44.3819,44.5192,44.1438,44.1529,524476,AWK
2014-07-15,44.1804,44.5101,44.1529,44.3178,535449,AWK
2014-07-16,44.4551,44.6199,43.9973,44.3819,450992,AWK
2014-07-17,44.3727,44.4551,43.9881,44.0339,418065,AWK
2014-07-18,44.2079,44.8397,43.9973,44.8397,379447,AWK
2014-07-21,44.7939,44.7939,44.4551,44.6016,343817,AWK
2014-07-22,44.8214,45.0137,44.6016,44.8763,435675,AWK
2014-07-23,44.8672,44.8763,44.5009,44.6291,336871,AWK
2014-07-24,44.6474,44.8488,44.391,44.6657,300656,AWK
2014-07-25,44.6199,44.728,44.4093,44.5009,347656,AWK
2014-07-28,44.3544,45.032,44.3544,44.9129,440409,AWK
2014-07-29,44.8855,45.0594,44.4826,44.5284,395275,AWK
2014-07-30,44.5925,44.8672,44.1255,44.2537,589088,AWK
2014-07-31,44.0248,44.2811,43.6768,43.7409,856966,AWK
2014-08-01,43.6951,44.3086,43.6951,43.9881,774975,AWK
2014-08-04,44.0522,44.1529,42.7245,43.3655,1008760,AWK
2014-08-05,43.1457,43.5395,42.5231,42.6696,1067718,AWK
2014-08-06,42.4224,42.8527,42.4224,42.4956,610189,AWK
2014-08-07,42.385,43.187,42.385,42.9104,837071,AWK
2014-08-08,42.9565,44.24,42.9565,44.2102,725143,AWK
2014-08-11,44.3393,44.6342,43.9429,43.989,580831,AWK
2014-08-12,44.2747,44.837,43.9705,44.3485,540386,AWK
2014-08-13,44.3946,44.7956,44.3946,44.5789,484513,AWK
2014-08-14,44.6066,45.5284,44.496,45.4178,816824,AWK
2014-08-15,45.4823,46.229,45.4316,46.0077,1345556,AWK
2014-08-18,45.9985,46.2382,45.5929,45.8049,897501,AWK
2014-08-19,45.8049,46.3857,45.8049,45.9616,580506,AWK
2014-08-20,45.851,46.0907,45.6943,46.0723,390896,AWK
2014-08-21,45.9985,46.3765,45.8787,46.1644,627377,AWK
2014-08-22,45.9616,46.1737,45.7496,45.7773,406973,AWK
2014-08-25,45.9524,46.2105,45.7312,45.851,551257,AWK
2014-08-26,45.9524,46.1552,45.722,45.7496,456026,AWK
2014-08-27,45.9616,46.4502,45.9063,46.441,537843,AWK
2014-08-28,46.2105,46.4779,46.0446,46.2751,512358,AWK
2014-08-29,46.2751,46.6807,45.2887,46.653,354711,AWK
2014-09-02,46.146,46.5608,45.9985,46.2198,758933,AWK
2014-09-03,46.0907,46.358,45.8879,46.358,528849,AWK
2014-09-04,46.3857,46.7268,46.1644,46.441,605508,AWK
2014-09-05,46.358,46.5885,46.3304,46.5608,397130,AWK
2014-09-08,46.4871,46.7452,46.1184,46.1829,457352,AWK
2014-09-09,46.2198,46.2198,45.6021,45.7128,676958,AWK
2014-09-10,45.6667,45.6759,45.2989,45.5376,531937,AWK
2014-09-11,45.5837,45.8234,45.4823,45.7681,533104,AWK
2014-09-12,45.6298,45.7496,45.0951,45.2979,402442,AWK
2014-09-15,45.1873,45.5192,45.0675,45.3348,404220,AWK
2014-09-16,45.2703,45.8787,45.1873,45.7312,353233,AWK
2014-09-17,45.7496,45.934,45.3533,45.4639,504748,AWK
2014-09-18,45.4915,45.5173,44.9937,45.003,445187,AWK
2014-09-19,45.2242,45.6114,45.1689,45.3993,1030023,AWK
2014-09-22,45.3348,45.3993,44.9569,44.9569,497749,AWK
2014-09-23,44.9292,44.9477,44.4222,44.4407,609641,AWK
2014-09-24,44.5328,44.7633,44.1457,44.5144,423705,AWK
2014-09-25,44.5697,44.7449,44.3116,44.4683,489762,AWK
2014-09-26,44.4222,44.6066,44.0627,44.4867,532626,AWK
2014-09-29,44.3116,44.5513,44.201,44.5144,523816,AWK
2014-09-30,44.4775,45.0951,44.4314,44.4591,826427,AWK
2014-10-01,44.4407,44.7356,44.1365,44.3393,607594,AWK
2014-10-02,44.3208,44.4683,44.0166,44.2563,537037,AWK
2014-10-03,44.5421,44.7633,44.201,44.4222,982333,AWK
2014-10-06,44.5236,44.8278,43.8599,44.1733,1620086,AWK
2014-10-07,45.6943,46.0077,45.003,45.1873,721670,AWK
2014-10-08,44.6435,45.6943,44.5052,45.6667,801024,AWK
2014-10-09,45.6943,46.0077,45.003,45.1873,721670,AWK
2014-10-10,45.4086,46.2612,45.3072,46.0723,1308152,AWK
2014-10-13,46.1921,46.3806,45.51,45.6667,799643,AWK
2014-10-14,45.8879,46.5055,45.722,46.3672,1043609,AWK
2014-10-15,45.9893,46.0815,44.5052,45.2518,1046368,AWK
2014-10-16,44.585,45.6358,44.585,45.4238,754688,AWK
2014-10-17,45.6298,45.9709,45.2611,45.722,644538,AWK
2014-10-20,45.8602,46.8097,45.757,46.7728,645907,AWK
2014-10-21,46.9111,47.2061,46.5977,46.9941,558986,AWK
2014-10-22,47.1324,47.584,46.9388,47.0678,570731,AWK
2014-10-23,47.1784,47.8329,47.1692,47.4089,589973,AWK
2014-10-24,47.538,47.9251,47.4089,47.8514,702777,AWK
2014-10-27,47.8882,47.9343,47.5933,47.7407,483967,AWK
2014-10-28,47.8421,48.3491,47.5011,48.3215,693336,AWK
2014-10-29,48.3584,48.6073,47.6604,48.1279,489724,AWK
2014-10-30,48.3123,48.976,48.091,48.9668,461557,AWK
2014-10-31,49.3171,49.3263,48.7732,49.1972,711504,AWK
2014-11-03,49.1972,49.4277,48.9207,49.1419,572572,AWK
2014-11-04,48.8838,49.3078,48.3215,48.4413,1014438,AWK
2014-11-05,48.8193,48.893,48.4874,48.7363,846048,AWK
2014-11-06,49.2428,49.3448,47.6017,48.2044,1070350,AWK
2014-11-07,47.7222,48.5845,47.5553,48.5474,714031,AWK
2014-11-10,48.6958,49.2057,48.5107,49.0203,724822,AWK
2014-11-11,48.8812,49.1315,48.6865,48.8812,481316,AWK
2014-11-12,48.6865,48.8256,48.2414,48.5381,803939,AWK
2014-11-13,48.6865,48.6865,48.0189,48.0931,518715,AWK
2014-11-14,48.0189,48.4309,47.9077,48.0931,565641,AWK
2014-11-17,47.9726,48.2507,47.7871,48.1858,476521,AWK
2014-11-18,48.1858,48.8163,48.1858,48.5289,647120,AWK
2014-11-19,48.5103,48.8256,48.3156,48.6123,521418,AWK
2014-11-20,48.3898,48.7514,48.2229,48.362,617934,AWK
2014-11-21,48.4918,48.7514,48.2229,48.4732,484905,AWK
2014-11-24,48.603,48.7421,48.3156,48.4269,545732,AWK
2014-11-25,48.4918,48.6772,48.2275,48.2693,940343,AWK
2014-11-26,48.362,48.705,48.2507,48.6216,447329,AWK
2014-11-28,48.705,49.3912,48.6309,49.1872,420563,AWK
2014-12-01,48.3342,48.9183,48.26,48.4732,810960,AWK
2014-12-02,48.464,48.8163,48.3342,48.7699,845674,AWK
2014-12-03,48.7329,49.1407,48.5938,48.8441,930440,AWK
2014-12-04,48.8997,49.0017,48.4454,48.6309,753180,AWK
2014-12-05,48.3991,48.8441,48.26,48.3434,722757,AWK
2014-12-08,48.5196,49.215,48.2788,48.8534,839423,AWK
2014-12-09,49.1408,49.6044,48.6958,49.3819,759106,AWK
2014-12-10,49.2614,49.8177,48.6123,48.6679,617886,AWK
2014-12-11,48.6772,49.1037,48.6087,48.7699,650461,AWK
2014-12-12,48.5845,49.0388,48.3527,48.5567,670803,AWK
2014-12-15,48.6772,48.8163,47.6666,47.8984,723795,AWK
2014-12-16,47.9726,48.4454,47.5831,47.6759,768764,AWK
2014-12-17,47.4533,48.2322,47.4255,47.9911,1330122,AWK
2014-12-18,48.3063,49.0945,48.1209,49.0945,763782,AWK
2014-12-19,49.0203,49.3448,48.3434,48.5474,1242014,AWK
2014-12-22,48.5381,48.7792,48.26,48.6679,604486,AWK
2014-12-23,48.8534,49.3912,48.8534,49.2984,665069,AWK
2014-12-24,49.3633,49.966,49.3633,49.8455,242564,AWK
2014-12-26,50.0309,50.2998,49.9011,50.0865,429266,AWK
2014-12-29,50.1236,52.0985,50.1236,51.7926,1220995,AWK
2014-12-30,51.6257,51.6257,50.3183,50.3276,701113,AWK
2014-12-31,50.5594,50.5872,49.3355,49.419,643858,AWK
2015-01-02,49.419,50.1051,49.3212,50.0124,920588,AWK
2015-01-05,50.0402,50.1607,49.0481,49.2428,707717,AWK
2015-01-06,49.3819,49.966,49.0666,49.3726,1141800,AWK
2015-01-07,49.7249,50.2534,49.5673,50.0031,528267,AWK
2015-01-08,50.2998,50.7727,50.0254,50.1978,1359409,AWK
2015-01-09,50.3091,50.7819,49.9104,50.3462,644760,AWK
2015-01-12,50.5872,50.6799,49.762,50.1885,901336,AWK
2015-01-13,50.717,51.227,49.9197,50.2998,1321638,AWK
2015-01-14,50.1051,51.2131,49.8826,51.1899,797432,AWK
2015-01-15,51.2363,51.4217,51.0137,51.227,492291,AWK
2015-01-16,51.2733,51.6998,50.9303,51.6535,501858,AWK
2015-01-20,51.9038,52.1078,51.3457,52.0522,845933,AWK
2015-01-21,51.9687,52.4694,51.4643,52.4416,647010,AWK
2015-01-22,52.6363,52.7476,52.2181,52.4138,574204,AWK
2015-01-23,52.5065,52.8588,52.1449,52.4416,711251,AWK
2015-01-26,52.386,52.7476,51.8111,52.7197,722058,AWK
2015-01-27,51.876,52.7754,51.8389,52.6641,568427,AWK
2015-01-28,52.729,53.137,52.3211,52.5436,943220,AWK
2015-01-29,52.7661,53.2943,52.4601,53.1833,588811,AWK
2015-01-30,53.1648,53.2111,52.0105,52.0522,830890,AWK
2015-02-02,52.08,52.627,51.6442,52.5807,513236,AWK
2015-02-03,52.3025,52.6178,52.08,52.4138,681536,AWK
2015-02-04,52.1634,52.5065,51.5422,51.5886,777476,AWK
2015-02-05,51.9802,52.7634,51.7173,52.549,780214,AWK
2015-02-06,52.549,52.549,50.8427,51.1224,980002,AWK
2015-02-09,51.1038,51.2343,50.0036,50.2926,1183181,AWK
2015-02-10,50.4511,50.7868,50.3303,50.6283,1335605,AWK
2015-02-11,50.4791,50.5816,49.6306,49.9196,764414,AWK
2015-02-12,50.0688,50.246,49.5933,49.9849,739669,AWK
2015-02-13,49.9569,49.9964,48.8381,49.0805,1550864,AWK
2015-02-17,49.0712,49.6679,48.8474,49.1831,1757701,AWK
2015-02-18,48.9873,50.5257,48.9779,50.4511,944061,AWK
2015-02-19,50.4884,50.6283,49.9942,50.1621,956942,AWK
2015-02-20,50.0502,50.3672,49.7518,50.2926,536040,AWK
2015-02-23,50.2926,50.6283,49.6446,50.6283,1896845,AWK
2015-02-24,50.5723,50.7308,49.9989,50.535,1179897,AWK
2015-02-25,50.9453,51.9895,50.563,50.7774,1226787,AWK
2015-02-26,50.8614,50.8847,49.7891,50.0129,850064,AWK
2015-02-27,50.1527,50.5257,49.79,50.4231,1095662,AWK
2015-03-02,50.3392,50.3392,48.9406,49.6679,1506824,AWK
2015-03-03,49.6493,50.1621,49.4441,49.9849,897123,AWK
2015-03-04,49.7145,49.9476,49.4255,49.8171,774687,AWK
2015-03-05,50.0036,50.6059,49.9942,50.274,1509875,AWK
2015-03-06,49.8824,50.0036,48.4838,48.7448,1295086,AWK
2015-03-09,48.7448,48.9779,48.5677,48.7542,543906,AWK
2015-03-10,48.4838,48.9873,48.4558,48.7262,453664,AWK
2015-03-11,48.894,49.0712,48.6423,48.6609,1013643,AWK
2015-03-12,48.95,49.5374,48.8754,49.3882,586801,AWK
2015-03-13,49.2483,49.2483,48.3388,48.7262,719898,AWK
2015-03-16,48.8847,49.6959,48.7635,49.267,712222,AWK
2015-03-17,49.1551,49.6026,49.0246,49.556,758544,AWK
2015-03-18,49.7238,50.7681,49.3509,50.5816,923990,AWK
2015-03-19,50.4325,50.9359,50.2367,50.6656,718165,AWK
2015-03-20,50.8707,51.3275,50.6003,51.2996,1055993,AWK
2015-03-23,51.197,51.2809,50.8334,50.908,592430,AWK
2015-03-24,50.8707,51.3928,50.4884,50.6189,736619,AWK
2015-03-25,51.3182,51.3182,50.2833,50.2833,674486,AWK
2015-03-26,50.218,50.535,49.7798,49.8451,794749,AWK
2015-03-27,49.8824,50.6469,49.8824,50.4418,590185,AWK
2015-03-30,50.6376,50.9826,50.2367,50.6376,748578,AWK
2015-03-31,50.6376,50.9369,50.507,50.5443,1189182,AWK
2015-04-01,50.6003,50.8147,50.1341,50.7774,716717,AWK
2015-04-02,50.8147,51.225,50.6842,51.1784,622987,AWK
2015-04-06,51.1784,51.7564,51.0199,51.4488,676039,AWK
2015-04-07,51.4488,51.5606,50.9078,50.9826,512702,AWK
2015-04-08,51.1224,51.2063,50.1155,50.4977,808918,AWK
2015-04-09,50.4511,50.5537,50.0026,50.2273,572365,AWK
2015-04-10,50.4698,50.5765,50.0782,50.5164,866075,AWK
2015-04-13,50.7028,50.7681,49.9942,50.0595,733346,AWK
2015-04-14,50.0036,50.3636,49.8824,50.3579,574317,AWK
2015-04-15,50.4138,50.6283,50.2553,50.2833,686379,AWK
2015-04-16,50.2553,50.4698,49.5934,50.2273,710702,AWK
2015-04-17,50.0968,50.3392,49.8078,49.9756,678785,AWK
2015-04-20,50.0595,51.0944,50.0595,50.4604,1031069,AWK
2015-04-21,50.7401,51.0851,50.1453,50.2367,662293,AWK
2015-04-22,50.507,50.6189,50.0502,50.591,511799,AWK
2015-04-23,50.6376,51.1877,50.4791,50.9359,522242,AWK
2015-04-24,51.1131,51.9056,50.9546,51.7005,786630,AWK
2015-04-27,51.7937,51.8297,50.6842,50.9173,891861,AWK
2015-04-28,50.7868,51.57,50.6003,51.3182,737731,AWK
2015-04-29,51.0105,51.4534,50.7028,51.3275,780604,AWK
2015-04-30,51.197,51.3275,50.4138,50.8334,1038529,AWK
2015-05-01,50.9173,51.0572,50.2646,50.6283,956263,AWK
2015-05-04,50.6656,51.2716,50.6284,50.9266,609894,AWK
2015-05-05,50.6935,50.8707,49.7145,49.8451,650603,AWK
2015-05-06,49.9663,50.2553,49.1271,49.4721,1016229,AWK
2015-05-07,49.6786,50.1665,49.3126,49.7255,932335,AWK
2015-05-08,50.0727,50.2885,49.5847,49.7161,1003377,AWK
2015-05-11,49.7724,49.9788,49.2281,49.4721,968607,AWK
2015-05-12,49.3783,49.5284,48.9841,49.2281,976824,AWK
2015-05-13,49.444,49.7349,48.9372,49.0123,639011,AWK
2015-05-14,49.2563,49.7349,49.1058,49.7255,761446,AWK
2015-05-15,49.8569,50.3636,49.7536,50.3448,1017023,AWK
2015-05-18,50.129,50.8891,49.8644,50.5419,2025821,AWK
2015-05-19,50.5325,50.617,50.1947,50.3542,601187,AWK
2015-05-20,50.3261,50.5982,50.0633,50.1478,709358,AWK
2015-05-21,50.2041,50.2604,49.8944,50.1008,821422,AWK
2015-05-22,50.0915,50.0915,49.566,49.6504,867542,AWK
2015-05-26,49.4627,49.7255,49.1718,49.566,697635,AWK
2015-05-27,49.7255,50.0821,49.5284,49.9319,623829,AWK
2015-05-28,49.7536,50.1384,49.2938,49.4627,1336018,AWK
2015-05-29,49.4252,49.8662,49.3783,49.6129,1205838,AWK
2015-06-01,49.641,49.9413,49.397,49.5941,635026,AWK
2015-06-02,49.3783,49.5359,48.7965,49.0592,818984,AWK
2015-06-03,49.0686,49.2,48.2991,48.4962,821861,AWK
2015-06-04,48.3554,48.712,48.3273,48.5337,824215,AWK
2015-06-05,47.9988,48.0671,47.4452,47.661,836223,AWK
2015-06-08,48.027,48.2616,47.7549,47.9332,1019435,AWK
2015-06-09,47.9895,48.4117,47.7361,47.8581,995153,AWK
2015-06-10,47.9144,48.2418,47.6047,47.6329,1060675,AWK
2015-06-11,47.7267,47.9519,47.502,47.7924,990755,AWK
2015-06-12,47.6235,47.7455,47.3134,47.3889,647301,AWK
2015-06-15,47.3138,47.4546,46.3566,46.6569,1319759,AWK
2015-06-16,46.5162,46.8634,46.122,46.3097,1710891,AWK
2015-06-17,46.3942,46.8305,46.2722,46.5162,1254696,AWK
2015-06-18,46.5819,47.5015,46.5068,47.342,1191319,AWK
2015-06-19,47.7267,47.7549,47.2012,47.2106,1357975,AWK
2015-06-22,47.417,47.661,46.9478,47.1824,1012335,AWK
2015-06-23,47.3138,47.3889,46.6851,46.9385,1008401,AWK
2015-06-24,46.7508,46.9948,46.5162,46.6382,798936,AWK
2015-06-25,46.8165,46.8446,46.2534,46.3285,672190,AWK
2015-06-26,46.3566,46.6663,46.122,46.6382,674963,AWK
2015-06-29,46.2347,46.6663,45.8874,45.9156,782165,AWK
2015-06-30,46.2065,46.3754,45.3807,45.6341,1375956,AWK
2015-07-01,45.7655,46.244,45.5309,46.1408,812598,AWK
2015-07-02,46.488,46.7977,46.4552,46.7789,698689,AWK
2015-07-06,46.7132,47.1167,46.62,47.1167,1562681,AWK
2015-07-07,47.1543,48.0833,47.1355,47.9332,1175976,AWK
2015-07-08,47.7642,48.1208,47.4546,48.027,922651,AWK
2015-07-09,48.2616,48.2725,46.9291,47.0886,1437458,AWK
2015-07-10,47.1918,47.9144,46.9291,47.661,834335,AWK
2015-07-13,47.9238,48.1584,47.5859,47.8487,595545,AWK
2015-07-14,48.0739,48.271,47.83,48.0364,710692,AWK
2015-07-15,48.0645,48.1208,47.783,48.0927,597929,AWK
2015-07-16,48.271,48.7402,48.0458,48.59,560533,AWK
2015-07-17,48.6463,48.712,48.149,48.149,695371,AWK
2015-07-20,48.149,48.4211,47.8581,48.1959,617723,AWK
2015-07-21,48.1302,48.2428,47.5109,47.6329,592632,AWK
2015-07-22,47.5109,48.1771,47.5109,47.9895,550632,AWK
2015-07-23,47.9613,48.1771,47.1449,47.3326,643391,AWK
2015-07-24,47.3513,47.8956,47.3255,47.8018,603382,AWK
2015-07-27,47.7549,48.5337,47.6469,48.4305,794654,AWK
2015-07-28,48.3367,48.5525,47.9332,48.3085,747053,AWK
2015-07-29,48.2053,48.5525,47.9932,48.5243,518252,AWK
2015-07-30,48.393,48.7683,48.271,48.4117,537411,AWK
2015-07-31,48.7589,49.2094,48.4493,48.712,523937,AWK
2015-08-03,48.7214,49.2,48.6416,48.8715,684650,AWK
2015-08-04,48.8622,48.9372,48.0176,48.0739,603928,AWK
2015-08-05,48.346,48.8903,48.1865,48.4211,666838,AWK
2015-08-06,48.0905,48.9784,47.7788,48.9029,1016788,AWK
2015-08-07,48.7895,49.6397,48.525,49.413,689697,AWK
2015-08-10,49.413,49.7814,49.2146,49.3657,529039,AWK
2015-08-11,49.4791,50.1875,49.2473,50.1781,839656,AWK
2015-08-12,49.8191,50.8563,49.6869,50.7638,934767,AWK
2015-08-13,50.6693,51.4344,50.5937,51.1794,956339,AWK
2015-08-14,50.981,51.3022,50.8582,51.2833,635897,AWK
2015-08-17,51.3872,51.7745,51.255,51.6517,697947,AWK
2015-08-18,51.4817,51.7556,51.0868,51.6045,590350,AWK
2015-08-19,51.34,51.8312,51.1518,51.7651,557587,AWK
2015-08-20,51.4061,51.8123,50.9149,51.1888,1029385,AWK
2015-08-21,50.7874,51.425,50.6221,51.0283,1036249,AWK
2015-08-24,49.3279,50.0458,47.382,49.054,1925767,AWK
2015-08-25,49.8191,50.1025,48.5061,48.5061,1783387,AWK
2015-08-26,49.0068,49.3941,47.741,49.2524,1448106,AWK
2015-08-27,49.753,50.2348,49.3185,50.197,1016747,AWK
2015-08-28,50.0836,50.3198,49.6397,50.0742,1142672,AWK
2015-08-31,49.8191,49.8191,48.7517,49.0634,827794,AWK
2015-09-01,48.8934,49.054,48.0055,48.2322,895574,AWK
2015-09-02,48.7139,48.884,48.0622,48.5628,1064203,AWK
2015-09-03,48.61,49.5169,48.5911,49.3185,1256322,AWK
2015-09-04,48.8084,48.9879,48.0858,48.2794,1210163,AWK
2015-09-08,48.7234,49.1579,48.5628,48.8273,889253,AWK
2015-09-09,49.1012,49.1295,48.3078,48.3739,983355,AWK
2015-09-10,48.4778,48.8084,48.1283,48.2794,994761,AWK
2015-09-11,48.0716,49.1012,47.9299,49.0823,662868,AWK
2015-09-14,49.1201,49.5263,49.0068,49.3468,967393,AWK
2015-09-15,49.4602,49.6963,49.2051,49.5735,467424,AWK
2015-09-16,49.583,50.0175,49.5641,49.9136,568849,AWK
2015-09-17,49.8475,50.7921,49.8286,50.367,911474,AWK
2015-09-18,50.0175,50.9574,49.8758,50.5371,1000560,AWK
2015-09-21,50.6315,51.0755,50.5748,50.7071,699351,AWK
2015-09-22,50.3481,50.7354,50.2537,50.6126,786365,AWK
2015-09-23,50.5559,51.1416,50.4757,50.9149,909012,AWK
2015-09-24,50.6693,51.6517,50.6126,51.3589,793467,AWK
2015-09-25,51.4817,52.5491,51.3683,51.8501,1542873,AWK
2015-09-28,51.8217,51.9444,50.9999,51.0944,963341,AWK
2015-09-29,50.8866,51.2644,50.6976,51.1888,874913,AWK
2015-09-30,51.5289,52.0484,51.3683,52.0295,1109502,AWK
2015-10-01,51.9729,52.2468,51.595,52.209,925812,AWK
2015-10-02,52.2657,52.5869,51.6517,52.5491,1191999,AWK
2015-10-05,52.6058,53.1064,52.4735,52.9647,1180322,AWK
2015-10-06,52.9742,53.0308,52.483,52.5396,625585,AWK
2015-10-07,52.653,52.7663,52.1287,52.2846,778553,AWK
2015-10-08,52.3035,53.6921,52.0862,53.6921,1143515,AWK
2015-10-09,53.6732,53.9537,53.3803,53.7204,964111,AWK
2015-10-12,53.7865,54.5706,53.6808,54.2683,640573,AWK
2015-10-13,54.1549,54.5706,54.0132,54.495,1022452,AWK
2015-10-14,54.4761,54.9295,53.8149,53.9755,1206801,AWK
2015-10-15,53.1631,54.9862,52.9269,54.9862,1159809,AWK
2015-10-16,55.024,55.3829,54.717,55.1468,951621,AWK
2015-10-19,55.1279,55.7041,55.0712,55.6852,1093879,AWK
2015-10-20,55.5246,55.9214,55.3357,55.3546,820002,AWK
2015-10-21,55.5813,55.7986,54.6745,54.7312,1190512,AWK
2015-10-22,54.8634,55.4585,54.8634,55.2224,1043235,AWK
2015-10-23,55.2224,55.2696,54.2683,54.4383,829858,AWK
2015-10-26,54.5517,55.0429,54.3344,54.9768,492875,AWK
2015-10-27,54.8728,55.0618,54.58,54.7217,692497,AWK
2015-10-28,54.75,55.1657,53.881,54.5328,719080,AWK
2015-10-29,54.1927,54.5328,53.2198,53.9188,1025406,AWK
2015-10-30,54.0227,54.6839,53.8527,54.1833,737214,AWK
2015-11-02,54.3911,54.7028,53.8054,54.136,697507,AWK
2015-11-03,54.0605,54.7689,53.7676,54.5328,1000108,AWK
2015-11-04,54.5139,54.769,54.1738,54.7689,1076505,AWK
2015-11-05,55.149,55.4721,54.4269,55.2915,966052,AWK
2015-11-06,55.0445,55.32,52.3792,52.6785,1154146,AWK
2015-11-09,52.574,53.1061,52.4125,53.0111,907802,AWK
2015-11-10,52.9446,53.833,52.8211,53.8092,636768,AWK
2015-11-11,53.8377,54.3223,53.7142,54.0563,555995,AWK
2015-11-12,53.9233,54.6739,53.5337,53.6572,478974,AWK
2015-11-13,53.5622,53.9993,53.1536,53.2201,449953,AWK
2015-11-16,53.2106,54.0183,52.9921,53.9993,470568,AWK
2015-11-17,53.9328,54.0848,53.2011,53.2581,644505,AWK
2015-11-18,53.3436,54.2748,53.2106,54.2178,579833,AWK
2015-11-19,54.2368,54.6264,54.1798,54.4174,519653,AWK
2015-11-20,54.4554,55.016,54.3603,54.5409,456720,AWK
2015-11-23,54.6359,54.9875,54.4839,54.6074,622956,AWK
2015-11-24,54.3128,54.5029,53.6857,54.0468,1067678,AWK
2015-11-25,54.1418,54.3318,53.9138,54.1798,617628,AWK
2015-11-27,54.3128,55.1585,54.2843,55.1585,557005,AWK
2015-11-30,55.0825,55.4911,54.6335,54.883,1444794,AWK
2015-12-01,54.8544,55.5291,54.5219,54.9875,942425,AWK
2015-12-02,54.7689,54.9875,54.1228,54.3033,659971,AWK
2015-12-03,54.3794,54.5998,54.1228,54.5504,688276,AWK
2015-12-04,54.5789,55.1491,54.56,55.1205,703000,AWK
2015-12-07,54.8735,55.5006,54.7217,55.4911,783051,AWK
2015-12-08,55.1395,55.7761,54.997,55.5386,962944,AWK
2015-12-09,55.073,55.8284,54.978,55.0255,917907,AWK
2015-12-10,55.13,55.168,53.8092,53.9423,1043843,AWK
2015-12-11,53.9138,54.3223,53.5907,53.8948,751786,AWK
2015-12-14,53.8758,54.2843,53.6762,53.8948,1171415,AWK
2015-12-15,53.9138,54.6169,53.9138,54.3413,1127198,AWK
2015-12-16,54.6644,55.9852,54.6644,55.8616,1195560,AWK
2015-12-17,55.8902,56.8023,55.7001,56.3367,1886103,AWK
2015-12-18,56.2227,56.9639,55.339,56.5838,2238928,AWK
2015-12-21,56.6408,56.6503,55.168,55.3676,1135233,AWK
2015-12-22,55.6621,56.1752,55.0825,56.0897,1020327,AWK
2015-12-23,56.2892,56.7738,56.2132,56.6028,782229,AWK
2015-12-24,56.4603,57.0874,56.4603,56.8498,383263,AWK
2015-12-28,56.7453,57.629,56.7263,57.591,908813,AWK
2015-12-29,57.724,58.1516,57.553,57.5815,724772,AWK
2015-12-30,57.8095,57.9141,57.3154,57.439,476597,AWK
2015-12-31,57.3725,57.515,56.6123,56.7738,538486,AWK
2016-01-04,56.7073,57.572,56.7073,57.3154,1518480,AWK
2016-01-05,57.3439,57.4485,56.4223,57.1539,1317732,AWK
2016-01-06,56.6883,57.3154,56.505,56.9069,824665,AWK
2016-01-07,56.2227,56.7263,55.9662,56.4793,1016676,AWK
2016-01-08,56.6598,57.2774,56.5553,56.6978,689910,AWK
2016-01-11,57.0874,57.5435,56.8023,57.2489,731139,AWK
2016-01-12,57.401,57.496,56.2987,57.1919,915443,AWK
2016-01-13,57.496,57.6765,56.8784,57.0969,782694,AWK
2016-01-14,57.0399,58.1897,57.0033,57.8475,946676,AWK
2016-01-15,57.4485,57.781,56.0707,57.4675,968802,AWK
2016-01-19,57.591,58.3036,57.4538,57.9711,1087238,AWK
2016-01-20,57.9711,58.2466,56.4508,57.6005,1885065,AWK
2016-01-21,57.667,57.8571,57.0399,57.2489,1275596,AWK
2016-01-22,57.724,59.8144,57.3534,59.3298,1272756,AWK
2016-01-25,59.6339,59.8143,58.2561,58.3797,1056032,AWK
2016-01-26,58.6647,59.3964,58.4462,59.2443,999899,AWK
2016-01-27,59.2443,59.7764,58.8738,59.3298,874944,AWK
2016-01-28,59.6244,60.7456,59.3583,60.2895,869582,AWK
2016-01-29,60.8216,61.7956,60.4416,61.6768,1391627,AWK
2016-02-01,61.4678,62.3609,61.4678,61.7908,1292607,AWK
2016-02-02,61.8859,62.2659,61.0117,62.1044,1031731,AWK
2016-02-03,62.551,63.1496,62.2374,62.5985,1164723,AWK
2016-02-04,62.3788,62.4075,60.8506,61.0608,1964240,AWK
2016-02-05,60.7551,61.099,60.3253,60.8602,1306371,AWK
2016-02-08,60.8602,61.4428,60.4065,61.4046,1005668,AWK
2016-02-09,61.2613,63.0474,61.2613,62.7704,1752519,AWK
2016-02-10,63.0379,63.7446,62.7179,63.6873,1557068,AWK
2016-02-11,63.4104,63.7828,62.5125,63.1143,1898229,AWK
2016-02-12,63.1143,63.3912,62.014,62.1591,1489126,AWK
2016-02-16,62.6463,62.6463,60.7742,62.226,1709165,AWK
2016-02-17,62.5698,62.5698,61.5144,61.8058,1837283,AWK
2016-02-18,61.8344,63.3435,61.7485,62.8564,1649223,AWK
2016-02-19,62.4934,63.3865,62.3788,62.8182,996064,AWK
2016-02-22,63.2384,63.4486,62.9041,63.2957,668906,AWK
2016-02-23,63.1429,63.8593,63.1429,63.6778,865926,AWK
2016-02-24,63.7637,63.9451,63.1047,63.6969,1178897,AWK
2016-02-25,64.566,65.4161,64.1171,64.9959,1350979,AWK
2016-02-26,64.6234,64.6234,61.758,61.9013,2436812,AWK
2016-02-29,61.8058,63.0665,61.7484,61.9108,1427091,AWK
2016-03-01,62.1782,62.885,62.0111,62.3693,1120505,AWK
2016-03-02,65.1869,65.9319,64.0503,65.674,13575062,AWK
2016-03-03,65.4925,65.5498,64.3846,64.8526,33567097,AWK
2016-03-04,64.5183,64.8526,63.6397,64.8239,3305061,AWK
2016-03-07,64.6902,64.7953,64.0121,64.3177,2151537,AWK
2016-03-08,64.3177,65.545,64.0885,65.3015,2352606,AWK
2016-03-09,65.206,65.8841,65.0267,65.6071,1495715,AWK
2016-03-10,65.6167,65.8841,64.8239,65.1678,1711861,AWK
2016-03-11,65.6644,65.8937,64.7953,65.0532,2025707,AWK
2016-03-14,64.9099,65.2824,64.6043,64.9481,1499301,AWK
2016-03-15,64.6425,65.8698,64.6425,65.5116,1430736,AWK
2016-03-16,65.3301,65.9032,64.5183,65.8077,1543740,AWK
2016-03-17,65.7982,66.9538,65.5212,66.8297,1990287,AWK
2016-03-18,66.8488,66.8774,64.9481,64.9576,3278780,AWK
2016-03-21,64.9576,65.2824,64.4228,64.5183,2151071,AWK
2016-03-22,64.5183,64.8478,64.3368,64.5756,1692650,AWK
2016-03-23,64.7762,64.8526,64.2986,64.5183,1038515,AWK
2016-03-24,64.6425,64.929,64.311,64.5947,1575929,AWK
2016-03-28,64.461,65.12,64.0121,64.1267,1208290,AWK
2016-03-29,64.1553,65.7599,64.1553,65.6358,1528886,AWK
2016-03-30,65.5689,65.822,65.0914,65.5307,1000241,AWK
2016-03-31,65.6644,66.2853,65.397,65.8364,1404157,AWK
2016-04-01,65.7504,66.5622,65.7026,66.3808,1314083,AWK
2016-04-04,66.3808,66.696,65.8555,66.4954,1231871,AWK
2016-04-05,66.4476,66.6864,65.8937,65.951,1655653,AWK
2016-04-06,65.9032,66.3903,65.5785,66.3808,1379767,AWK
2016-04-07,66.2853,67.0303,66.1229,66.6673,1664133,AWK
2016-04-08,66.6196,67.4505,66.6196,67.2213,1078977,AWK
2016-04-11,67.5174,67.6415,66.8774,66.9538,923396,AWK
2016-04-12,66.9538,67.2872,66.5336,67.2308,870718,AWK
2016-04-13,67.5938,67.5938,66.4954,67.2308,871081,AWK
2016-04-14,67.0207,67.3454,66.9061,67.2786,835262,AWK
2016-04-15,67.1449,68.2242,67.1449,68.0618,1438405,AWK
2016-04-18,68.0331,68.5011,67.5369,68.482,940432,AWK
2016-04-19,68.482,68.9691,68.0904,68.9596,876880,AWK
2016-04-20,69.0551,69.1506,67.6559,67.6988,1171194,AWK
2016-04-21,67.4123,67.4219,65.0341,65.1964,2645252,AWK
2016-04-22,65.3301,66.3235,65.3301,66.1324,1524547,AWK
2016-04-25,67.0494,67.6224,66.6291,67.6224,1618573,AWK
2016-04-26,67.7084,68.5298,67.6415,68.205,1280692,AWK
2016-04-27,68.4152,69.122,67.9281,68.9309,1141723,AWK
2016-04-28,68.4343,69.3989,68.3006,69.1411,956015,AWK
2016-04-29,68.845,69.6091,68.291,69.4945,1439233,AWK
2016-05-02,69.8192,70.9367,69.3989,70.8603,1578717,AWK
2016-05-03,70.908,71.2401,70.2395,70.6119,1372881,AWK
2016-05-04,70.4878,71.5289,69.9768,71.1086,1408962,AWK
2016-05-05,70.931,71.8814,69.9423,70.2687,1578605,AWK
2016-05-06,70.2495,71.1326,69.6447,71.0558,1584041,AWK
2016-05-09,71.219,71.507,70.979,71.315,1276540,AWK
2016-05-10,71.4302,71.6798,71.1038,71.5262,935812,AWK
2016-05-11,71.6126,71.7278,70.9118,71.5358,975166,AWK
2016-05-12,71.555,72.0878,71.1998,71.939,1094352,AWK
2016-05-13,71.651,72.0254,71.219,71.7182,713690,AWK
2016-05-16,71.411,72.2366,71.2766,72.1886,862017,AWK
2016-05-17,72.0446,72.1886,69.9135,70.3935,1468969,AWK
2016-05-18,69.9903,71.027,69.0495,69.7311,1460916,AWK
2016-05-19,69.6735,70.4702,69.2607,70.4606,908364,AWK
2016-05-20,70.6526,70.9118,70.0383,70.4702,3492572,AWK
2016-05-23,70.6814,70.9214,70.1631,70.2207,881305,AWK
2016-05-24,70.5086,71.075,70.0959,71.0174,1232193,AWK
2016-05-25,71.1326,71.555,70.1535,70.3455,1289647,AWK
2016-05-26,70.4894,71.1326,70.0767,71.0174,1148929,AWK
2016-05-27,71.0078,71.2473,70.5374,71.1518,956801,AWK
2016-05-31,71.1998,71.5934,70.883,71.1326,1755230,AWK
2016-06-01,71.0942,72.227,70.9886,72.227,1044647,AWK
2016-06-02,72.227,72.227,71.219,72.1886,966752,AWK
2016-06-03,72.8029,73.6765,72.7837,73.3981,1017371,AWK
2016-06-06,72.9949,73.2732,72.4766,72.7933,1038864,AWK
2016-06-07,72.6589,73.3118,72.5437,72.9277,809138,AWK
2016-06-08,72.8317,73.6765,72.6589,73.6381,796119,AWK
2016-06-09,73.4269,74.4541,73.1293,74.3677,837785,AWK
2016-06-10,74.0125,74.646,73.9357,74.3965,839888,AWK
2016-06-13,74.4925,74.9724,74.3773,74.5501,996043,AWK
2016-06-14,74.2237,74.9052,73.9165,74.8956,1188775,AWK
2016-06-15,75.1164,75.3756,74.0605,74.694,948170,AWK
2016-06-16,74.7132,75.5964,74.7132,75.5292,1130038,AWK
2016-06-17,75.3948,75.6348,74.3965,75.0396,2037463,AWK
2016-06-20,75.1164,75.1164,73.6765,74.4925,1999392,AWK
2016-06-21,74.6844,75.4044,74.2621,75.0204,1250834,AWK
2016-06-22,75.1164,75.3564,74.7036,75.126,908825,AWK
2016-06-23,75.3564,75.7788,74.9532,75.7788,921959,AWK
2016-06-24,74.5692,77.6507,74.5692,76.7291,2603035,AWK
2016-06-27,76.9883,78.7259,76.8251,78.4379,1957062,AWK
2016-06-28,79.033,79.2634,77.5259,78.8315,1654759,AWK
2016-06-29,79.4458,79.8586,78.7547,79.0234,1544578,AWK
2016-06-30,79.2826,81.1545,79.1002,81.1257,1951779,AWK
2016-07-01,81.4137,81.6921,79.753,80.7322,1045307,AWK
2016-07-05,80.7322,81.8265,80.4403,81.3657,1303141,AWK
2016-07-06,80.5402,81.0297,79.705,80.7034,1790210,AWK
2016-07-07,80.3482,80.4922,79.033,79.273,2065033,AWK
2016-07-08,78.8986,80.0506,78.2363,80.0218,1724486,AWK
2016-07-11,79.8778,79.8778,79.0618,79.4458,1753635,AWK
2016-07-12,79.2058,79.4458,77.9483,78.0347,1933890,AWK
2016-07-13,78.5435,78.889,78.3419,78.7163,1391636,AWK
2016-07-14,78.2459,78.6011,77.9483,78.4571,1173955,AWK
2016-07-15,78.5819,79.1342,78.2459,78.3227,864797,AWK
2016-07-18,78.3323,78.6683,78.1115,78.1883,1456307,AWK
2016-07-19,78.3419,78.4859,77.9579,78.4475,1168155,AWK
2016-07-20,78.5243,78.7067,78.0731,78.3227,885232,AWK
2016-07-21,78.1211,78.1211,77.2379,77.9003,1735537,AWK
2016-07-22,78.1115,79.6762,78.1115,79.5226,1386054,AWK
2016-07-25,79.6378,79.705,79.0426,79.513,797337,AWK
2016-07-26,79.6666,79.8778,78.7259,78.937,902128,AWK
2016-07-27,78.6875,78.9178,77.4011,78.2075,1322204,AWK
2016-07-28,78.1403,79.0753,77.9867,78.7739,914657,AWK
2016-07-29,78.7163,79.6666,78.7163,79.273,927914,AWK
2016-08-01,79.1962,79.6762,79.0234,79.5226,787632,AWK
2016-08-02,79.2826,79.4362,78.5771,78.7835,913045,AWK
2016-08-03,78.841,79.0042,77.7851,77.9195,1069048,AWK
2016-08-04,77.7507,78.0883,76.902,77.2975,1391193,AWK
2016-08-05,77.4518,77.5,75.412,75.6869,2435497,AWK
2016-08-08,75.629,76.3138,74.7755,74.8864,1857680,AWK
2016-08-09,74.9732,75.1758,74.3825,74.9732,1500748,AWK
2016-08-10,74.9829,75.3838,74.7466,75.3301,1073164,AWK
2016-08-11,75.3301,75.5374,74.6164,75.06,1266259,AWK
2016-08-12,75.5326,75.7351,74.925,74.9925,1121472,AWK
2016-08-15,75.0214,75.3445,73.8063,73.8159,1078856,AWK
2016-08-16,73.6906,73.6906,72.6683,72.8419,1312784,AWK
2016-08-17,72.9383,74.2981,72.0993,74.221,1686994,AWK
2016-08-18,74.1149,74.6839,74.0088,74.6453,1267119,AWK
2016-08-19,74.3753,74.5007,73.2566,73.7195,980333,AWK
2016-08-22,73.787,74.2692,73.652,73.9027,740817,AWK
2016-08-23,73.8642,74.2113,73.7581,73.7677,964891,AWK
2016-08-24,73.652,73.7774,72.9417,73.5459,663783,AWK
2016-08-25,73.5363,74.0763,73.5073,73.5555,607975,AWK
2016-08-26,73.6038,74.2017,72.0896,72.1379,1296620,AWK
2016-08-29,72.4368,73.1601,72.327,72.7454,1420509,AWK
2016-08-30,72.8129,73.1119,71.3085,71.3953,1129674,AWK
2016-08-31,71.3663,71.5303,70.8263,71.3567,1164781,AWK
2016-09-01,71.1059,71.3181,70.6816,70.7491,1144093,AWK
2016-09-02,70.8745,72.1764,70.7684,72.1379,1477836,AWK
2016-09-06,72.2632,73.4302,72.2632,73.1987,1265910,AWK
2016-09-07,73.0733,73.488,72.4947,73.2952,894949,AWK
2016-09-08,73.0058,73.5941,72.7454,73.0348,720192,AWK
2016-09-09,72.3693,72.5333,69.9101,69.9101,1523402,AWK
2016-09-12,69.804,71.1927,69.5559,70.8745,1212733,AWK
2016-09-13,70.7298,71.0191,70.1319,70.3633,1242144,AWK
2016-09-14,70.4984,71.3085,70.1898,70.6623,1296744,AWK
2016-09-15,70.6141,71.241,70.5177,71.0963,899034,AWK
2016-09-16,70.9516,71.9064,70.9516,71.6846,1876207,AWK
2016-09-19,72.0221,72.5815,71.8775,72.5043,817084,AWK
2016-09-20,72.9865,73.353,72.4658,72.4754,911048,AWK
2016-09-21,72.5718,74.1149,72.4465,74.0377,1186522,AWK
2016-09-22,74.3656,74.7611,74.1728,74.6068,1015702,AWK
2016-09-23,75.0311,75.0311,73.7581,73.7677,1116819,AWK
2016-09-26,73.8256,74.3946,73.488,73.951,663467,AWK
2016-09-27,74.2113,74.6646,73.3144,73.4398,876591,AWK
2016-09-28,73.517,73.6713,72.8805,73.517,773181,AWK
2016-09-29,73.1891,73.3048,72.0993,72.3115,939090,AWK
2016-09-30,72.8226,73.0213,71.8582,72.1764,1738871,AWK
2016-10-03,71.9739,72.1957,71.2072,71.4242,1080093,AWK
2016-10-04,71.2217,71.5399,68.7721,69.3507,1789935,AWK
2016-10-05,69.5147,69.9004,68.5888,68.6371,1219871,AWK
2016-10-06,68.6371,68.8492,68.0488,68.666,1467055,AWK
2016-10-07,69.2253,69.6391,68.097,68.1259,1031103,AWK
2016-10-10,68.3092,69.0517,68.3005,68.8396,855117,AWK
2016-10-11,68.5695,68.5695,67.6244,67.9813,916810,AWK
2016-10-12,67.9813,68.9264,67.962,68.7528,839745,AWK
2016-10-13,68.8589,69.7268,68.6371,69.2061,748453,AWK
2016-10-14,69.2061,69.91,68.9167,69.1771,866869,AWK
2016-10-17,69.37,69.6304,69.0807,69.1868,538111,AWK
2016-10-18,69.6593,70.103,68.9553,69.8426,954616,AWK
2016-10-19,69.6208,69.7365,68.4056,69.1096,1141139,AWK
2016-10-20,69.1964,69.6208,68.9601,69.1964,664151,AWK
2016-10-21,68.7335,69.2929,68.666,69.0421,594797,AWK
2016-10-24,69.2639,69.6111,69.0614,69.5243,846723,AWK
2016-10-25,69.4182,70.1126,69.1193,70.0547,713766,AWK
2016-10-26,70.0065,70.2766,69.6015,69.9294,729399,AWK
2016-10-27,69.8233,69.9679,69.3121,69.7461,873082,AWK
2016-10-28,69.8811,70.2766,69.5243,69.9487,739470,AWK
2016-10-31,70.2187,71.8389,70.0837,71.4049,1371928,AWK
2016-11-01,71.4146,71.4146,70.3151,70.4501,1169560,AWK
2016-11-02,70.3923,70.4019,69.2253,69.9101,1063606,AWK
2016-11-03,69.0325,69.8329,68.7817,69.5243,958636,AWK
2016-11-04,69.7847,69.9679,68.0729,68.0777,1184556,AWK
2016-11-07,68.4994,69.1878,67.6171,69.1781,871876,AWK
2016-11-08,69.3042,70.6131,69.3042,70.2155,803737,AWK
2016-11-09,71.2821,71.3713,69.7959,70.0507,1736436,AWK
2016-11-10,69.915,69.9829,67.3007,68.8679,2342442,AWK
2016-11-11,68.7127,70.1962,68.7127,69.1102,1038234,AWK
2016-11-14,68.8582,69.2751,67.6656,68.4606,1231078,AWK
2016-11-15,68.9745,69.6338,68.7806,69.4399,1181809,AWK
2016-11-16,69.469,69.9247,68.6643,69.7599,1153731,AWK
2016-11-17,69.5466,70.0798,69.3236,69.6047,921104,AWK
2016-11-18,69.5659,70.0604,69.2266,69.6435,995525,AWK
2016-11-21,69.9053,70.3028,69.5756,70.2349,829328,AWK
2016-11-22,70.4289,72.0456,69.9053,71.8832,984063,AWK
2016-11-23,71.3596,72.048,69.9974,70.2834,902523,AWK
2016-11-25,70.4289,72.2128,70.4289,72.0965,550158,AWK
2016-11-28,72.3971,73.3181,72.3777,72.6201,955417,AWK
2016-11-29,72.5716,73.8029,72.5328,73.6672,978873,AWK
2016-11-30,73.2503,73.2503,70.2543,70.264,1517077,AWK
2016-12-01,69.8374,70.1962,68.7709,69.5369,1006176,AWK
2016-12-02,70.0313,70.6228,69.8793,70.3125,1142861,AWK
2016-12-05,69.9344,70.3416,68.8194,70.3125,845045,AWK
2016-12-06,70.2931,70.6228,69.7696,70.0216,1067917,AWK
2016-12-07,70.1768,70.807,70.041,70.4482,1056248,AWK
2016-12-08,69.9247,70.9039,69.4108,70.8264,961807,AWK
2016-12-09,70.933,71.0158,70.1768,70.7973,987614,AWK
2016-12-12,70.2931,71.5051,70.2931,71.4954,1108878,AWK
2016-12-13,71.4566,72.3001,71.4566,71.8929,1257550,AWK
2016-12-14,72.271,72.5958,69.6823,69.7502,1171794,AWK
2016-12-15,69.7017,70.1186,69.3332,69.7889,1179511,AWK
2016-12-16,70.2446,70.8652,69.7308,70.6615,2626043,AWK
2016-12-19,70.8652,71.2821,70.1089,71.0785,795215,AWK
2016-12-20,71.2724,72.0577,70.7876,70.9621,1194345,AWK
2016-12-21,71.1269,71.7184,70.5646,70.584,922732,AWK
2016-12-22,70.6131,70.9427,70.1283,70.2349,799397,AWK
2016-12-23,70.4482,70.8652,70.3028,70.7294,393357,AWK
2016-12-27,70.5355,70.9621,70.3707,70.8555,507908,AWK
2016-12-28,70.8942,70.9912,69.7114,69.7889,595213,AWK
2016-12-29,69.7889,70.5743,69.5756,70.5064,794432,AWK
2016-12-30,70.4482,70.6712,69.8374,70.1574,776227,AWK
2017-01-03,70.1671,70.2446,69.3332,70.0507,806727,AWK
2017-01-04,70.2834,70.7779,69.9635,70.5937,639987,AWK
2017-01-05,70.4773,70.9833,69.5369,70.71,763109,AWK
2017-01-06,70.4385,70.8458,70.2446,70.6228,919790,AWK
2017-01-09,70.6615,70.7779,69.023,69.1781,794625,AWK
2017-01-10,69.0424,69.0812,68.3734,68.5673,1088025,AWK
2017-01-11,68.5091,69.0812,68.1782,68.4219,946116,AWK
2017-01-12,68.451,68.7127,67.8304,68.5382,949183,AWK
2017-01-13,68.4703,68.8873,68.257,68.6643,589495,AWK
2017-01-17,68.9454,70.1283,68.8485,69.8762,957290,AWK
2017-01-18,69.818,70.4289,69.3927,70.3901,1361384,AWK
2017-01-19,69.6241,70.3125,69.5466,69.6823,834881,AWK
2017-01-20,69.6338,70.1962,69.4011,69.7405,813024,AWK
2017-01-23,69.818,70.0137,69.3061,69.5853,743483,AWK
2017-01-24,69.5853,69.8083,69.1393,69.7211,819124,AWK
2017-01-25,69.2654,69.692,68.8388,69.5369,1202821,AWK
2017-01-26,69.4884,70.2252,69.3236,69.9925,941573,AWK
2017-01-27,70.0992,70.2931,69.818,70.1089,869258,AWK
2017-01-30,69.7308,70.1574,69.3724,69.7211,1073942,AWK
2017-01-31,69.7599,71.2336,69.7017,71.2045,1062527,AWK
2017-02-01,70.6906,70.7003,69.4496,69.6144,1315579,AWK
2017-02-02,69.7211,70.8167,69.5756,70.7682,1099677,AWK
2017-02-03,70.8413,71.1142,70.2371,70.5684,736060,AWK
2017-02-06,70.6951,70.6951,70.0617,70.2566,857454,AWK
2017-02-07,70.2176,70.393,69.8765,70.2566,783496,AWK
2017-02-08,70.393,71.2896,70.1104,71.0752,790817,AWK
2017-02-09,71.1142,71.2604,70.6172,70.9972,716543,AWK
2017-02-10,71.0167,71.6015,70.7049,71.5917,701237,AWK
2017-02-13,71.5138,71.8256,71.1239,71.3578,650449,AWK
2017-02-14,71.0655,71.3578,70.6854,70.9583,777097,AWK
2017-02-15,70.6269,71.1824,70.0617,71.1532,670219,AWK
2017-02-16,71.2604,71.8549,71.1532,71.5722,625369,AWK
2017-02-17,71.5722,72.1375,71.2994,71.9328,2662875,AWK
2017-02-21,71.9328,72.5468,71.7564,72.4883,1024758,AWK
2017-02-22,73.0926,73.3265,71.1922,73.0146,1212718,AWK
2017-02-23,73.1023,73.8235,73.0731,73.6481,993447,AWK
2017-02-24,73.7845,74.7391,73.7845,74.3595,866151,AWK
2017-02-27,74.2815,74.7981,73.8527,74.5057,830273,AWK
2017-02-28,74.5447,76.7277,74.3303,76.0163,1766442,AWK
2017-03-01,75.0807,76.4441,74.9248,75.6849,1647576,AWK
2017-03-02,75.568,76.1235,75.0904,75.8603,1341405,AWK
2017-03-03,75.8993,76.0942,75.071,75.3731,914703,AWK
2017-03-06,75.2659,75.6167,75.1017,75.3341,753193,AWK
2017-03-07,75.3341,75.5095,74.8955,74.9345,692532,AWK
2017-03-08,74.379,74.3985,73.3313,73.5506,650625,AWK
2017-03-09,73.5701,73.9892,73.1803,73.3654,557487,AWK
2017-03-10,73.882,74.2328,73.3752,73.9892,597196,AWK
2017-03-13,74.0671,74.4862,73.9892,74.1548,674666,AWK
2017-03-14,74.0671,74.5057,73.9015,74.0769,367794,AWK
2017-03-15,73.5993,75.49,73.3265,75.2561,760622,AWK
2017-03-16,74.9442,75.0807,73.7358,73.8137,843826,AWK
2017-03-17,73.7358,74.7688,73.6481,74.262,1876641,AWK
2017-03-20,74.457,74.4862,73.5896,73.9989,522430,AWK
2017-03-21,74.0671,74.8235,73.6091,74.5447,801311,AWK
2017-03-22,74.9053,75.4705,74.9053,75.1976,859583,AWK
2017-03-23,75.0417,75.6069,74.3498,74.5447,647711,AWK
2017-03-24,74.6811,75.2659,74.3595,75.1294,571917,AWK
2017-03-27,75.6069,75.6947,74.4667,74.8858,877719,AWK
2017-03-28,74.7591,75.3097,74.4932,75.2269,951631,AWK
2017-03-29,75.1099,75.3828,74.5252,75.2074,1035917,AWK
2017-03-30,75.0904,75.2269,74.379,75.0417,949590,AWK
2017-03-31,75.1294,76.065,75.1002,75.7921,1453701,AWK
2017-04-03,75.6167,75.7726,74.7765,75.1781,915944,AWK
2017-04-04,75.2951,75.987,75.1393,75.7434,736244,AWK
2017-04-05,75.7239,76.5133,75.3925,76.2989,896584,AWK
2017-04-06,76.0747,76.2988,75.3731,75.9578,684928,AWK
2017-04-07,76.0455,76.4841,75.8701,75.9188,540405,AWK
2017-04-10,76.0163,76.104,75.5095,76.0358,487421,AWK
2017-04-11,75.9578,76.5036,75.7726,76.3086,657348,AWK
2017-04-12,76.3769,76.8349,76.1235,76.8154,1039322,AWK
2017-04-13,76.7862,76.9421,76.143,76.5718,581051,AWK
2017-04-17,76.601,77.215,76.5718,77.1468,788163,AWK
2017-04-18,77.2052,77.6146,77.0103,77.4781,660760,AWK
2017-04-19,77.4586,77.6633,77.0006,77.3027,723681,AWK
2017-04-20,77.254,77.254,76.3671,77.1565,873974,AWK
2017-04-21,77.2637,78.5891,77.1955,78.4624,1126896,AWK
2017-04-24,78.4624,79.1934,78.2383,78.7158,1101446,AWK
2017-04-25,78.4527,79.0374,78.4527,78.9107,731782,AWK
2017-04-26,78.4722,78.5794,77.6146,78.1896,1104616,AWK
2017-04-27,78.2968,79.4175,78.2968,78.365,913300,AWK
2017-04-28,78.3065,78.6379,77.5366,77.7315,1082781,AWK
2017-05-01,77.7997,78.0141,76.8934,76.9811,769859,AWK
2017-05-02,77.098,77.5561,76.8252,77.098,1298606,AWK
2017-05-03,77.1421,77.1421,75.9861,76.1232,1255308,AWK
2017-05-04,74.8888,75.5942,73.7426,74.1442,1845898,AWK
2017-05-05,74.5165,75.3003,74.2618,75.0945,1069161,AWK
2017-05-08,75.3101,75.8293,74.7759,75.0162,1331073,AWK
2017-05-09,74.7125,74.8736,73.6348,73.7719,1409162,AWK
2017-05-10,73.7426,74.3794,73.6348,74.1442,1121244,AWK
2017-05-11,73.9091,74.2324,73.3311,74.1834,749298,AWK
2017-05-12,74.1736,75.1337,73.9777,74.7614,1078043,AWK
2017-05-15,74.6733,75.1827,74.5851,74.9476,798729,AWK
2017-05-16,75.1337,75.2121,74.1638,74.3108,1085710,AWK
2017-05-17,73.7523,74.252,73.3605,74.0169,983365,AWK
2017-05-18,74.1246,74.4088,73.1155,73.723,1253647,AWK
2017-05-19,73.8699,74.3794,73.3213,74.3206,561225,AWK
2017-05-22,73.9875,74.9182,73.9679,74.8202,796702,AWK
2017-05-23,74.6635,75.4374,74.6635,75.0162,685373,AWK
2017-05-24,74.9574,75.5697,74.9374,75.4766,537151,AWK
2017-05-25,75.4766,76.2702,75.1632,76.1526,630809,AWK
2017-05-26,76.3192,76.3878,75.7555,75.9567,703595,AWK
2017-05-30,75.8881,76.4172,75.5783,76.1918,840946,AWK
2017-05-31,76.0449,76.7796,76.0253,76.5935,1145574,AWK
2017-06-01,76.7013,77.2499,76.3682,77.2009,571399,AWK
2017-06-02,77.3969,77.8769,77.1323,77.3969,693251,AWK
2017-06-05,77.2793,77.6418,77.1519,77.2107,536004,AWK
2017-06-06,77.4262,77.632,77.0442,77.1519,612458,AWK
2017-06-07,77.3381,77.9161,77.2597,77.7496,869304,AWK
2017-06-08,77.4948,77.7202,76.5249,77.0931,1023470,AWK
2017-06-09,77.0246,77.6908,76.8006,77.6516,530804,AWK
2017-06-12,77.6712,78.6215,77.632,78.0827,801591,AWK
2017-06-13,78.0435,78.6901,77.9651,78.5529,645893,AWK
2017-06-14,79.1897,80.0519,78.9056,79.6698,758448,AWK
2017-06-15,79.4542,80.4731,79.4542,80.3948,818121,AWK
2017-06-16,80.4829,81.2126,80.1694,80.9532,1664882,AWK
2017-06-19,81.061,81.1099,79.4934,79.6796,794857,AWK
2017-06-20,79.7873,79.8755,79.3073,79.6404,478152,AWK
2017-06-21,79.4738,79.5816,78.6313,79.0722,558233,AWK
2017-06-22,79.1113,79.709,78.6323,79.4542,582397,AWK
2017-06-23,79.2975,79.9098,79.2583,79.4836,1010744,AWK
2017-06-26,79.4836,80.336,79.3661,79.562,869919,AWK
2017-06-27,79.2877,79.4738,78.1806,78.4451,792246,AWK
2017-06-28,78.7978,78.935,77.9847,78.0337,771857,AWK
2017-06-29,77.5928,77.7398,76.1526,76.5151,1454657,AWK
2017-06-30,76.5151,77.1764,76.2748,76.3682,992953,AWK
2017-07-03,76.6621,76.9462,76.2898,76.4857,381774,AWK
2017-07-05,76.4857,76.6523,75.9273,76.329,606181,AWK
2017-07-06,76.1624,76.5249,75.7999,76.0253,577879,AWK
2017-07-07,76.2114,76.6425,75.9567,76.182,659043,AWK
2017-07-10,76.4367,76.667,76.2016,76.2898,623027,AWK
2017-07-11,76.3682,76.4759,75.7901,76.1722,486956,AWK
2017-07-12,76.858,77.5144,76.7601,76.9266,785715,AWK
2017-07-13,76.956,77.0246,76.1134,76.182,672010,AWK
2017-07-14,76.7405,77.3773,76.5386,77.0442,767985,AWK
2017-07-17,77.0442,77.7398,76.7796,77.7104,695878,AWK
2017-07-18,77.73,78.308,77.6124,78.0533,692759,AWK
2017-07-19,78.21,78.5137,77.9357,78.3962,418333,AWK
2017-07-20,78.7293,79.6012,78.5235,79.3563,702677,AWK
2017-07-21,79.4347,80.2576,79.2289,80.2576,585156,AWK
2017-07-24,80.0323,80.0323,79.2691,79.2877,521048,AWK
2017-07-25,79.2877,79.4738,78.837,79.1211,468445,AWK
2017-07-26,78.9252,79.8069,78.8076,79.6992,307807,AWK
2017-07-27,79.6992,79.7239,78.5627,79.1603,623250,AWK
2017-07-28,79.2289,79.5032,78.8664,79.4053,495843,AWK
2017-07-31,79.3955,79.709,78.9154,79.4542,776805,AWK
2017-08-01,79.0134,79.7286,79.0036,79.4347,772482,AWK
2017-08-02,79.4249,80.4437,79.1995,80.336,870789,AWK
2017-08-03,79.6012,79.8902,78.1512,79.0134,1203928,AWK
2017-08-04,79.0134,79.7286,79.0036,79.4347,772482,AWK
2017-08-07,79.6759,80.444,79.4494,80.1486,716737,AWK
2017-08-08,79.9319,80.3455,79.7448,80.0698,585675,AWK
2017-08-09,80.0402,80.6311,79.7744,80.4341,891377,AWK
2017-08-10,80.2273,80.5326,79.9024,80.119,595549,AWK
2017-08-11,79.9713,80.0141,79.0259,79.4888,497234,AWK
2017-08-14,79.5774,80.1633,79.2081,80.0895,763553,AWK
2017-08-15,79.8137,80.6212,79.6759,80.5129,609066,AWK
2017-08-16,80.3751,80.9265,80.2667,80.3455,689919,AWK
2017-08-17,80.3455,80.7493,80.0205,80.0895,604662,AWK
2017-08-18,79.9615,80.7296,79.7399,80.1978,730332,AWK
2017-08-21,80.3652,80.8773,80.2766,80.828,526780,AWK
2017-08-22,80.897,81.0545,80.5129,80.9364,543816,AWK
2017-08-23,80.9364,80.9364,80.4272,80.5523,675518,AWK
2017-08-24,80.6902,80.7591,80.0993,80.4243,1160093,AWK
2017-08-25,80.7,81.1235,80.5031,80.7099,458104,AWK
2017-08-28,80.8477,81.0545,80.572,80.7493,551524,AWK
2017-08-29,80.7493,80.8477,80.0895,80.119,630647,AWK
2017-08-30,80.0599,80.1363,79.3608,79.6168,1156095,AWK
2017-08-31,79.7448,80.0452,79.3017,79.666,1195291,AWK
2017-09-01,79.8334,79.9319,79.41,79.5971,414883,AWK
2017-09-05,79.6266,79.6759,78.9964,79.5873,784871,AWK
2017-09-06,79.8334,79.8334,79.1638,79.6168,662316,AWK
2017-09-07,79.7645,80.4735,79.6365,80.2569,568320,AWK
2017-09-08,80.1289,80.7493,79.6562,80.7099,463752,AWK
2017-09-11,80.7,81.7931,80.7,81.6552,553739,AWK
2017-09-12,81.6454,81.6454,80.126,80.5031,591503,AWK
2017-09-13,80.6508,80.6508,80.0402,80.119,647030,AWK
2017-09-14,79.9516,81.0545,79.5971,81.0151,1039220,AWK
2017-09-15,81.2219,81.4681,80.7296,81.4189,1285704,AWK
2017-09-18,81.4189,81.4189,80.3849,80.9856,658091,AWK
2017-09-19,80.9954,81.409,80.6311,81.0644,687764,AWK
2017-09-20,81.2416,81.8719,80.4932,81.1432,1628804,AWK
2017-09-21,81.0348,81.2318,80.4046,80.5425,648701,AWK
2017-09-22,80.8674,81.2712,80.3947,80.7788,991006,AWK
2017-09-25,80.7788,81.2662,80.316,81.2219,954602,AWK
2017-09-26,81.153,81.6552,80.8773,81.025,777202,AWK
2017-09-27,80.5326,80.9364,78.8093,79.7645,1324045,AWK
2017-09-28,79.3903,79.8728,78.7207,79.8728,1462290,AWK
2017-09-29,79.6266,79.8137,79.149,79.6759,1985363,AWK
2017-10-02,79.9418,80.6606,79.6562,80.5228,885414,AWK
2017-10-03,80.4243,80.5129,79.666,80.5031,606238,AWK
2017-10-04,80.5129,81.35,80.1584,81.2515,736336,AWK
2017-10-05,81.35,81.6651,81.025,81.6454,666606,AWK
2017-10-06,81.3401,81.7537,80.9561,81.5075,610969,AWK
2017-10-09,81.6946,82.2658,81.6158,81.9408,622044,AWK
2017-10-10,82.1181,82.8074,81.9999,82.7877,712899,AWK
2017-10-11,82.6301,83.4179,82.5907,83.152,725505,AWK
2017-10-12,83.1422,83.8709,82.9551,83.802,1139511,AWK
2017-10-13,83.9201,84.4716,83.5065,83.7232,909525,AWK
2017-10-16,83.7232,84.058,82.9846,83.9103,1123427,AWK
2017-10-17,83.8217,84.8163,83.733,84.7178,1110745,AWK
2017-10-18,84.5799,84.9443,84.1959,84.9049,772490,AWK
2017-10-19,85.1806,85.9192,85.0871,85.9093,740077,AWK
2017-10-20,85.9881,86.5297,85.801,86.4214,1100294,AWK
2017-10-23,86.4116,86.5199,86.0472,86.3919,785897,AWK
2017-10-24,86.382,86.6183,84.8719,85.4957,1268453,AWK
2017-10-25,85.5154,85.6856,84.511,85.6041,739188,AWK
2017-10-26,85.9192,86.8104,85.8699,86.1555,779060,AWK
2017-10-27,85.8798,86.8547,85.8502,86.3328,965519,AWK
2017-10-30,86.3426,86.5888,86.1929,86.4214,855294,AWK
2017-10-31,86.2048,86.6479,86.0964,86.4214,641256,AWK
2017-11-01,86.6577,86.707,85.7124,85.8798,831858,AWK
2017-11-02,86.6479,88.8439,86.4017,88.0856,1430309,AWK
2017-11-03,87.2486,87.8099,86.6873,87.4061,951786,AWK
2017-11-06,87.3569,87.8493,87.0122,87.2584,733676,AWK
2017-11-07,87.5046,88.7552,86.8941,88.6272,725153,AWK
2017-11-08,88.4795,89.1048,88.0561,88.8636,843607,AWK
2017-11-09,88.7795,89.4324,87.7605,88.3541,964950,AWK
2017-11-10,88.0969,88.3788,87.4143,87.7902,693393,AWK
2017-11-13,87.7111,88.8191,87.6517,88.5618,682413,AWK
2017-11-14,88.4036,89.7886,88.3244,89.7391,690125,AWK
2017-11-15,89.8479,90.4118,88.8191,88.8586,1085877,AWK
2017-11-16,88.9576,89.0268,88.3442,88.73,754388,AWK
2017-11-17,88.5322,88.7795,87.7333,88.0672,2047630,AWK
2017-11-20,88.1167,88.3244,87.2337,87.434,1081653,AWK
2017-11-21,87.5528,88.1068,87.3846,87.6319,730213,AWK
2017-11-22,87.5528,87.9979,87.1669,87.7111,646638,AWK
2017-11-24,87.8496,88.3046,87.6319,87.7902,198417,AWK
2017-11-27,87.6814,88.4926,87.6814,88.2453,695664,AWK
2017-11-28,88.6509,88.7399,88.0721,88.6113,788311,AWK
2017-11-29,88.4827,89.6995,88.0771,89.383,688881,AWK
2017-11-30,89.4918,90.7977,89.3731,90.58,899864,AWK
2017-12-01,90.7284,90.9856,89.561,90.2437,701546,AWK
2017-12-04,90.4118,90.7185,89.8479,90.3426,1026677,AWK
2017-12-05,90.5207,90.7383,89.472,89.6896,621828,AWK
2017-12-06,89.7688,90.2239,89.3631,89.9667,536134,AWK
2017-12-07,89.7193,90.1249,89.3335,90.1052,515845,AWK
2017-12-08,90.0755,90.5701,89.7224,90.5404,610302,AWK
2017-12-11,90.5701,91.3813,89.5017,91.2626,1291793,AWK
2017-12-12,91.0054,91.0054,88.3442,88.364,1270829,AWK
2017-12-13,88.453,89.6699,88.3442,88.9675,989004,AWK
2017-12-14,88.1958,89.9172,87.899,89.383,1465752,AWK
2017-12-15,90.5503,90.7977,89.7688,89.8479,1782902,AWK
2017-12-18,90.2041,90.4415,89.106,89.5215,785636,AWK
2017-12-19,89.5709,89.8084,88.0474,88.0474,560817,AWK
2017-12-20,88.6113,88.8883,88.0416,88.3838,695659,AWK
2017-12-21,88.3343,89.1257,87.8693,88.7399,1094088,AWK
2017-12-22,88.9576,89.8875,88.6806,89.5413,640682,AWK
2017-12-26,89.6105,90.7383,89.3929,89.4522,795742,AWK
2017-12-27,89.6006,90.8372,89.284,89.8677,907571,AWK
2017-12-28,90.3624,90.7086,89.5215,90.6394,855289,AWK
2017-12-29,90.8372,91.2824,90.3624,90.5108,802399,AWK
2018-01-02,90.026,90.5009,87.6418,88.1266,1140208,AWK
2018-01-03,87.5627,88.4728,86.9691,87.5033,947297,AWK
2018-01-04,87.3252,87.8693,86.4151,86.6723,931758,AWK
2018-01-05,86.8405,87.0878,85.4357,85.8215,1141271,AWK
2018-01-08,86.0688,86.5833,85.8711,86.5635,1284302,AWK
2018-01-09,86.5635,86.5981,84.9509,85.7819,864397,AWK
2018-01-10,85.5841,85.5841,84.4464,84.7827,828976,AWK
2018-01-11,83.9517,84.0803,83.1207,83.833,1394240,AWK
2018-01-12,83.5065,83.7143,79.7076,79.9649,4003734,AWK
2018-01-16,80.3804,82.7052,80.0935,81.34,3111494,AWK
2018-01-17,81.2114,81.9138,81.1025,81.6269,1482198,AWK
2018-01-18,81.5873,82.2402,80.9542,81.5279,1561120,AWK
2018-01-19,81.9533,82.636,81.4983,82.1215,1323868,AWK
2018-01-22,82.5568,82.8536,81.7753,82.0721,1317832,AWK
2018-01-23,81.9731,83.7934,81.9435,83.2988,1113950,AWK
2018-01-24,83.2988,83.5846,82.7349,82.8536,853493,AWK
2018-01-25,83.0713,83.7044,82.3095,83.6253,764845,AWK
2018-01-26,83.744,84.0902,82.9327,84.0309,869541,AWK
2018-01-29,83.744,83.744,82.3095,82.8437,829815,AWK
2018-01-30,82.0424,83.1306,81.9533,82.2205,1030566,AWK
2018-01-31,82.3787,82.3787,81.6375,82.2798,1175213,AWK
2018-02-01,82.3886,82.6112,80.6574,80.964,1334666,AWK
2018-02-02,80.8354,81.4092,80.133,80.3507,1101786,AWK
2018-02-05,80.133,80.6673,77.7686,77.9764,1883739,AWK
2018-02-06,77.5935,78.8267,76.3702,78.5283,2169607,AWK
2018-02-07,78.5681,79.3041,77.5338,77.5338,1268677,AWK
2018-02-08,77.3448,78.0311,75.6243,75.6442,1572047,AWK
2018-02-09,76.1912,78.2499,75.9724,77.5139,1775391,AWK
2018-02-12,77.7824,77.9117,76.6487,77.494,1016930,AWK
2018-02-13,77.4045,78.4985,76.8873,78.3394,921193,AWK
2018-02-14,77.673,78.3891,77.2553,77.9018,726330,AWK
2018-02-15,78.0012,79.2842,77.9217,79.2742,718145,AWK
2018-02-16,79.2543,80.6168,78.9958,80.0599,1012733,AWK
2018-02-20,79.8113,80.3881,79.135,79.4135,1025979,AWK
2018-02-21,78.6079,80.6168,78.3891,78.4189,1250359,AWK
2018-02-22,78.4388,79.1101,77.8322,78.3095,988204,AWK
2018-02-23,78.3791,80.3583,78.3791,80.1892,655775,AWK
2018-02-26,81.0544,81.1937,80.1395,80.3583,804279,AWK
2018-02-27,80.5472,81.492,79.2941,79.5229,986728,AWK
2018-02-28,79.4433,80.3185,78.9261,78.9261,1069318,AWK
2018-03-01,78.8466,79.9306,77.9614,78.7173,1233896,AWK
2018-03-02,78.5283,79.7019,77.7228,78.4488,1373786,AWK
2018-03-05,78.2996,80.4378,78.23,79.7516,1992421,AWK
2018-03-06,79.7118,79.9306,79.0753,79.2543,1122522,AWK
2018-03-07,78.9958,80.0798,78.7173,79.7417,1061772,AWK
2018-03-08,80.0599,80.6318,79.8113,80.3583,947975,AWK
2018-03-09,80.4876,80.9351,80.0201,80.9152,665894,AWK
2018-03-12,80.9053,81.9396,80.8754,81.7506,959385,AWK
2018-03-13,82.039,82.218,80.1892,80.3085,916451,AWK
2018-03-14,80.597,81.3777,80.1196,80.7561,904716,AWK
2018-03-15,80.8655,81.7804,80.7561,81.0246,785287,AWK
2018-03-16,81.2335,81.9495,81.0345,81.7108,1952223,AWK
2018-03-19,81.7108,82.1385,80.4776,81.0743,1002807,AWK
2018-03-20,81.0644,81.5219,80.7561,80.9749,645376,AWK
2018-03-21,80.9848,81.5915,80.1494,80.408,570641,AWK
2018-03-22,80.4577,81.6213,79.6621,79.7118,791227,AWK
2018-03-23,80.3185,81.1738,78.588,78.7969,784694,AWK
2018-03-26,78.9759,79.5726,78.4587,79.4334,742440,AWK
2018-03-27,79.5626,81.2434,78.8167,80.2489,1111371,AWK
2018-03-28,80.3682,80.9848,80.1295,80.7461,846725,AWK
2018-03-29,80.8953,82.0888,80.8953,81.681,1069593,AWK
2018-04-02,81.8401,81.87,80.0201,80.7561,927673,AWK
2018-04-03,80.6566,81.1042,80.0699,80.7163,1058245,AWK
2018-04-04,80.3782,81.0081,79.8202,80.7561,763448,AWK
2018-04-05,80.8754,81.7606,79.7715,81.6611,734055,AWK
2018-04-06,81.7804,82.2877,81.3727,81.4721,1216387,AWK
2018-04-09,81.4224,82.2678,81.0047,81.6909,728389,AWK
2018-04-10,81.9694,82.1982,81.2185,81.3528,747660,AWK
2018-04-11,81.134,81.7904,80.8854,81.3627,794302,AWK
2018-04-12,80.4577,81.0296,79.8113,80.2091,2152584,AWK
2018-04-13,80.597,81.134,80.2091,80.4179,934656,AWK
2018-04-16,81.5517,82.5462,81.4025,82.1683,1254355,AWK
2018-04-17,82.5761,83.9883,82.3473,83.6104,1032154,AWK
2018-04-18,83.6701,84.1126,83.2225,83.2225,959530,AWK
2018-04-19,83.0733,83.4413,82.6954,83.2026,896870,AWK
2018-04-20,83.2325,83.4214,82.7121,83.2126,834581,AWK
2018-04-23,83.1827,83.8292,82.7253,83.8192,575455,AWK
2018-04-24,84.0679,84.774,83.5706,84.3066,828182,AWK
2018-04-25,84.0778,84.764,83.5507,84.2867,504266,AWK
2018-04-26,84.6546,85.5597,83.859,85.4204,679919,AWK
2018-04-27,85.4005,86.5144,85.3409,86.3056,936602,AWK
2018-04-30,86.4349,86.7132,85.8978,86.1067,745378,AWK
2018-05-01,85.9078,86.3255,85.6392,86.1564,571359,AWK
2018-05-02,85.9873,86.226,85.0922,85.7586,916679,AWK
2018-05-03,85.5497,85.9774,83.6502,84.8237,1107425,AWK
2018-05-04,84.7342,85.4801,84.1474,85.2514,555799,AWK
2018-05-07,85.3309,85.3309,84.0579,84.3364,647764,AWK
2018-05-08,83.7496,84.1574,82.3772,82.5562,629841,AWK
2018-05-09,82.7352,82.9142,81.9992,82.775,853389,AWK
2018-05-10,83.4,83.82,82.9,83.74,607427,AWK
2018-05-11,83.9,83.9,83.04,83.48,480846,AWK
2018-05-14,83.48,83.83,82.49,82.67,838093,AWK
2018-05-15,82.4,82.56,81.03,81.48,806483,AWK
2018-05-16,81.53,81.75,80.32,80.52,691835,AWK
2018-05-17,80.1,80.6,79.95,80.34,723425,AWK
2018-05-18,80.61,80.88,79.93,80.45,765669,AWK
2018-05-21,80.52,80.87,80.05,80.53,753515,AWK
2018-05-22,80.81,81.13,80.4012,80.51,630377,AWK
2018-05-23,80.64,81.1501,80.56,80.94,644680,AWK
2018-05-24,81.17,82.16,80.835,82.05,1016186,AWK
2018-05-25,82.05,83.21,81.88,82.99,1033093,AWK
2018-05-29,82.97,84.52,82.78,83.92,1052516,AWK
2018-05-30,83.75,84.6778,83.5255,84.21,621594,AWK
2018-05-31,83.91,84.63,83.07,83.14,872649,AWK
2018-06-01,83.4,83.64,82.0,82.13,742380,AWK
2018-06-04,82.22,82.6,81.43,81.64,604451,AWK
2018-06-05,81.69,81.69,80.26,80.47,811981,AWK
2018-06-06,80.68,80.74,78.91,79.22,1011745,AWK
2018-06-07,79.44,80.09,78.95,79.27,1497323,AWK
2018-06-08,79.53,79.8,78.64,79.28,968499,AWK
2018-06-11,79.13,79.41,77.73,78.35,1059141,AWK
2018-06-12,78.26,79.54,78.04,79.48,774357,AWK
2018-06-13,79.49,79.86,78.57,78.93,970396,AWK
2018-06-14,78.96,79.9,78.96,79.78,963504,AWK
2018-06-15,79.67,81.14,78.91,81.05,2407791,AWK
2018-06-18,80.84,81.965,80.84,81.95,867910,AWK
2018-06-19,81.82,83.25,81.82,82.8,1234612,AWK
2018-06-20,82.96,83.41,82.57,83.17,815620,AWK
2018-06-21,83.09,83.4,82.2,82.36,658658,AWK
2018-06-22,82.47,83.59,82.34,83.42,952984,AWK
2018-06-25,83.65,85.49,83.33,85.3,1125007,AWK
2018-06-26,85.08,85.99,85.001,85.29,929033,AWK
2018-06-27,84.93,86.14,84.667,85.74,1092139,AWK
2018-06-28,85.76,86.57,85.37,85.51,720379,AWK
2018-06-29,85.38,86.03,84.9052,85.38,833181,AWK
2018-07-02,85.59,86.39,85.3,86.31,675024,AWK
2018-07-03,86.43,87.4736,86.14,86.88,335974,AWK
2018-07-05,87.04,87.58,86.5,87.57,682744,AWK
2018-07-06,87.61,88.76,87.61,88.48,608868,AWK
2018-07-09,88.67,88.67,85.08,85.28,869447,AWK
2018-07-10,84.91,86.61,84.22,86.24,685874,AWK
2018-07-11,86.47,87.52,86.26,87.24,509707,AWK
2018-07-12,87.25,87.32,86.58,87.25,947445,AWK
2018-07-13,87.37,87.77,86.89,87.7,480871,AWK
2018-07-16,87.7,87.81,87.0566,87.57,620657,AWK
2018-07-17,86.96,88.1429,86.88,87.69,813089,AWK
2018-07-18,87.69,87.7806,86.89,87.58,680859,AWK
2018-07-19,87.74,88.73,87.4945,88.53,519706,AWK
2018-07-20,88.26,88.575,87.12,87.55,755918,AWK
2018-07-23,87.73,87.97,86.83,87.28,489415,AWK
2018-07-24,86.96,87.64,86.039,87.42,516373,AWK
2018-07-25,87.47,87.94,87.06,87.52,381005,AWK
